# weakly labeled youtube video segments from the dcase dataset, reformated like google_audioset_meta
# 10 classes: /m/07pp_mv, /m/09x0r, /m/0bt9lr, /m/01yrx, /m/04brg2, /m/0dxrf, /m/04fgwm, /m/0d31p, /m/02pjr4, /m/0838f
# YTID, start_seconds, end_seconds, weak_labels
KK227gPpRn4, 30.000, 40.000, "/m/07pp_mv;/m/09x0r"
-6p32k2WUCs, 0.000, 10.000, "/m/07pp_mv"
-Zjgm_sZd10, 0.000, 4.000, "/m/07pp_mv"
-ikrSfqB0LU, 0.000, 3.000, "/m/07pp_mv"
26ubekDhG_Y, 0.000, 10.000, "/m/07pp_mv"
2xXpSgqrtDE, 40.000, 50.000, "/m/07pp_mv"
2xo20i_OZrM, 80.000, 90.000, "/m/07pp_mv;/m/09x0r"
3BcwNM72zcQ, 10.000, 20.000, "/m/07pp_mv"
44U-fF5rsjM, 0.000, 10.000, "/m/07pp_mv;/m/0bt9lr"
4oQdHNxBFFY, 20.000, 30.000, "/m/07pp_mv;/m/09x0r"
52Usv8FcO0w, 30.000, 40.000, "/m/07pp_mv;/m/09x0r"
5pNzHcUedVo, 10.000, 20.000, "/m/07pp_mv"
6PrBwQNpLvo, 10.000, 20.000, "/m/07pp_mv;/m/09x0r"
6aNA6pqmpd8, 0.000, 6.000, "/m/07pp_mv"
7fGU8SFid9E, 130.000, 140.000, "/m/07pp_mv"
9QEM0ThcgD4, 20.000, 30.000, "/m/07pp_mv"
9zWmlaj56pM, 60.000, 70.000, "/m/07pp_mv;/m/09x0r"
CvvvGRbF5mU, 30.000, 40.000, "/m/07pp_mv;/m/0bt9lr;/m/09x0r"
E8Yi41OgpWo, 0.000, 10.000, "/m/07pp_mv"
EL3v64rTpG8, 0.000, 9.000, "/m/07pp_mv;/m/09x0r"
EenFsKjpsQc, 200.000, 210.000, "/m/07pp_mv;/m/09x0r"
EqCEkkd_c_I, 0.000, 10.000, "/m/07pp_mv"
HoBWL3qAnGU, 350.000, 360.000, "/m/07pp_mv"
I-uouJ_Zsv4, 0.000, 10.000, "/m/07pp_mv;/m/09x0r"
I3kPmcHvMrg, 30.000, 40.000, "/m/07pp_mv;/m/0bt9lr"
J1EO9afbq4U, 80.000, 90.000, "/m/07pp_mv"
J1Qv0p8QsR8, 150.000, 160.000, "/m/07pp_mv;/m/09x0r"
JQplKcC6Ejw, 0.000, 10.000, "/m/07pp_mv;/m/09x0r"
L7bzKI26Pek, 190.000, 200.000, "/m/07pp_mv;/m/09x0r"
L9_QOpRG8s8, 0.000, 10.000, "/m/07pp_mv"
Lgf99OrWOVM, 420.000, 430.000, "/m/07pp_mv"
MkF2nVQypFM, 30.000, 40.000, "/m/07pp_mv;/m/09x0r"
Msy4mmS1DYc, 110.000, 120.000, "/m/07pp_mv;/m/09x0r"
O8MSD706FEQ, 230.000, 240.000, "/m/07pp_mv;/m/09x0r"
P900eyYudeg, 30.000, 40.000, "/m/07pp_mv;/m/09x0r"
PpKpwTI1REQ, 410.000, 420.000, "/m/07pp_mv"
Sgbfq9K3Lqs, 30.000, 40.000, "/m/07pp_mv;/m/09x0r"
TLs3b0dV8Ew, 10.000, 20.000, "/m/07pp_mv"
Tgp484iUwEg, 190.000, 200.000, "/m/07pp_mv"
U10g6Ou2A58, 10.000, 20.000, "/m/07pp_mv"
UhrqWmzFf8A, 60.000, 70.000, "/m/07pp_mv;/m/09x0r"
UwqNcZ_b_Js, 240.000, 250.000, "/m/07pp_mv;/m/09x0r"
VVJOjfAY0ec, 40.000, 50.000, "/m/07pp_mv;/m/09x0r"
VXVuWhara_o, 60.000, 70.000, "/m/07pp_mv"
Vafgccb1ubk, 320.000, 330.000, "/m/07pp_mv;/m/09x0r"
WmOE-cfIJe0, 8.000, 18.000, "/m/07pp_mv;/m/09x0r"
Xiu_VGdKi4o, 0.000, 4.000, "/m/07pp_mv"
YTdVeMwwYkY, 11.000, 21.000, "/m/07pp_mv"
YaTkV4qCqQc, 19.000, 29.000, "/m/07pp_mv;/m/09x0r"
ZFmyeuE40I8, 500.000, 510.000, "/m/07pp_mv;/m/09x0r"
_CZzm6jUxbo, 30.000, 40.000, "/m/07pp_mv;/m/09x0r"
_KNIJQJ-CHA, 30.000, 40.000, "/m/07pp_mv"
_YoIeZgxdAI, 0.000, 10.000, "/m/07pp_mv;/m/0bt9lr"
aCVJyp88tpM, 150.000, 160.000, "/m/07pp_mv"
abTPRP0_F-A, 180.000, 190.000, "/m/07pp_mv;/m/09x0r"
aeEdZ2Pd7Mo, 10.000, 20.000, "/m/07pp_mv;/m/09x0r"
b2o_IFW-9HQ, 2.000, 12.000, "/m/07pp_mv"
bLe0AmKB8fY, 560.000, 570.000, "/m/07pp_mv;/m/09x0r"
bRUUPDD_nSQ, 22.000, 32.000, "/m/07pp_mv;/m/09x0r"
bm0xs7iYwo4, 60.000, 70.000, "/m/07pp_mv;/m/09x0r"
eqlP9_HNy68, 0.000, 10.000, "/m/07pp_mv;/m/09x0r"
fjcfhE22AVQ, 540.000, 550.000, "/m/07pp_mv"
guQwU8X2IrY, 0.000, 10.000, "/m/07pp_mv;/m/09x0r"
j2ZWCwZh9LQ, 10.000, 20.000, "/m/07pp_mv;/m/0bt9lr;/m/09x0r"
kD_sM3ZF514, 160.000, 170.000, "/m/07pp_mv"
kIqf8gd4W8Q, 590.000, 600.000, "/m/07pp_mv"
l8ImMjuK29M, 330.000, 340.000, "/m/07pp_mv"
mOfTDGOGBpI, 160.000, 170.000, "/m/07pp_mv;/m/0838f"
mpAYvNw6VEw, 40.000, 50.000, "/m/07pp_mv;/m/09x0r"
n2u-4A9fY28, 20.000, 30.000, "/m/07pp_mv;/m/09x0r;/m/0bt9lr"
oFcRyerYBfM, 30.000, 40.000, "/m/07pp_mv"
p6CYj_0IR28, 0.000, 4.000, "/m/07pp_mv"
qDCK7vo_MCM, 140.000, 150.000, "/m/07pp_mv;/m/09x0r"
qGDaSUy-llQ, 0.000, 9.000, "/m/07pp_mv"
r4auqsn1UuA, 430.000, 440.000, "/m/07pp_mv"
rzAqETGwotg, 20.000, 30.000, "/m/07pp_mv;/m/09x0r"
tLgYuO-w638, 0.000, 10.000, "/m/07pp_mv"
tNr5TNpI_SY, 30.000, 40.000, "/m/07pp_mv"
xnwwsEEJvdk, 200.000, 210.000, "/m/07pp_mv;/m/09x0r"
yNNf4uTzPjQ, 10.000, 20.000, "/m/07pp_mv"
ylADXwDnjwY, 550.000, 560.000, "/m/07pp_mv"
zNvgZ5QPAFI, 30.000, 40.000, "/m/07pp_mv;/m/09x0r"
0632OqvXrwg, 7.000, 17.000, "/m/01yrx;/m/09x0r"
06Mm032486Q, 30.000, 40.000, "/m/01yrx"
08R27f6Ffdk, 6.000, 16.000, "/m/01yrx;/m/09x0r"
0Am7X758-Ek, 30.000, 40.000, "/m/01yrx"
0CEQ565DH_A, 30.000, 40.000, "/m/01yrx;/m/09x0r"
0DtJdRFPmS4, 30.000, 40.000, "/m/01yrx;/m/09x0r"
0E6Uaq_e6OA, 20.000, 30.000, "/m/01yrx;/m/09x0r"
0F40MJSfsDw, 30.000, 40.000, "/m/01yrx"
0F7yaWNgTGg, 30.000, 40.000, "/m/01yrx;/m/09x0r"
0F8srmjGqtA, 30.000, 40.000, "/m/01yrx;/m/09x0r"
0G-Qx3Gv01s, 0.000, 8.000, "/m/01yrx;/m/09x0r"
0GGO5npJzWI, 0.000, 10.000, "/m/01yrx"
0QtmEs-OOsA, 21.000, 31.000, "/m/01yrx"
0SjvusZqA3w, 0.000, 6.000, "/m/01yrx"
0Sq8ge7D4wU, 3.000, 13.000, "/m/01yrx;/m/09x0r"
0UKzyBqyhGc, 27.000, 37.000, "/m/01yrx"
0W_gYR6p-D0, 30.000, 40.000, "/m/01yrx"
0_K6OKtoBBU, 30.000, 40.000, "/m/01yrx"
0b06i5LzIFw, 26.000, 36.000, "/m/01yrx"
0bj1ynHjnR8, 26.000, 36.000, "/m/01yrx"
0crSdgvedhc, 150.000, 160.000, "/m/01yrx"
0hbOtaw86mk, 30.000, 40.000, "/m/01yrx;/m/0bt9lr"
0i31R7PS-GA, 20.000, 30.000, "/m/01yrx;/m/09x0r"
0kOj9aZEySE, 21.000, 31.000, "/m/01yrx"
0owoOrZH2mI, 28.000, 38.000, "/m/01yrx"
0q1Ytfn8yMU, 10.000, 20.000, "/m/01yrx"
0rJwumFz1O0, 30.000, 40.000, "/m/01yrx"
0uab4-3d6MM, 30.000, 40.000, "/m/01yrx"
0v87UfMga5U, 30.000, 40.000, "/m/01yrx"
0xhygj2rhpk, 21.000, 31.000, "/m/01yrx;/m/09x0r"
0xzbWmrJCa0, 30.000, 40.000, "/m/01yrx"
0zv4NcZfYhE, 24.000, 34.000, "/m/01yrx"
11rKpXBR_ck, 24.000, 34.000, "/m/01yrx"
15nVe6RwUNM, 19.000, 29.000, "/m/01yrx"
16ccKlJF5H8, 6.000, 16.000, "/m/01yrx"
16th_TIPv84, 30.000, 40.000, "/m/01yrx"
17tk_fp4eJ0, 50.000, 60.000, "/m/01yrx"
18FN3fDI25A, 30.000, 40.000, "/m/01yrx"
19UTZe1Gwj4, 30.000, 40.000, "/m/01yrx"
1DVyj_Q5f0A, 12.000, 22.000, "/m/01yrx"
1FUMr2pDTn0, 30.000, 40.000, "/m/01yrx"
1H0jwhMaS70, 30.000, 40.000, "/m/01yrx"
1Kxgh-Eciz0, 30.000, 40.000, "/m/01yrx"
1MPwoS-R83A, 30.000, 40.000, "/m/01yrx"
1NwoL7fn1Qk, 40.000, 50.000, "/m/01yrx"
1QAZc5vOLlE, 10.000, 20.000, "/m/01yrx"
1QxDi-op6Qg, 27.000, 37.000, "/m/01yrx"
1RNq7dbRpWU, 16.000, 26.000, "/m/01yrx"
1U1k-d1x1qw, 30.000, 40.000, "/m/01yrx"
1UgCfEUzfqo, 30.000, 40.000, "/m/01yrx"
1Unp4vddTlM, 30.000, 40.000, "/m/01yrx"
1VQZAJgvzWI, 30.000, 40.000, "/m/01yrx"
1VyUmkngG5g, 10.000, 20.000, "/m/01yrx"
1b1b-9_AcFg, 30.000, 40.000, "/m/01yrx"
1bdZx2gFZ2w, 30.000, 40.000, "/m/01yrx"
1cSeAysUdek, 20.000, 30.000, "/m/01yrx"
1ci9EhneRNs, 30.000, 40.000, "/m/01yrx"
1dgBCUaZVAQ, 21.000, 31.000, "/m/01yrx"
1owUfrSLOEg, 30.000, 40.000, "/m/01yrx"
1sLF9mlF1yg, 2.000, 12.000, "/m/01yrx"
1szSQEuQ5WM, 30.000, 40.000, "/m/01yrx"
1tHhN-4fTiU, 30.000, 40.000, "/m/01yrx"
1tJdV9lG8dI, 30.000, 40.000, "/m/01yrx"
1vEjPObCs-c, 6.000, 16.000, "/m/01yrx"
1wTYC26te1E, 30.000, 40.000, "/m/01yrx"
1x2dJASMVi4, 30.000, 40.000, "/m/01yrx"
1zEJWzqb59A, 0.000, 10.000, "/m/01yrx"
1zYsKe5HhsQ, 21.000, 31.000, "/m/01yrx"
2-dHuNPOmFg, 30.000, 40.000, "/m/01yrx"
221Ia1cD5dQ, 22.000, 32.000, "/m/01yrx"
28yk3SrpV9Q, 20.000, 30.000, "/m/01yrx"
29-H4jj5UsE, 24.000, 34.000, "/m/01yrx"
2CSHWGtuxAY, 30.000, 40.000, "/m/01yrx"
2DaEW8tcMvo, 30.000, 40.000, "/m/01yrx"
2Eu-5zFuvb0, 12.000, 22.000, "/m/01yrx;/m/0bt9lr"
2EuM56yo0BM, 30.000, 40.000, "/m/01yrx"
2IvNEoXArxU, 30.000, 40.000, "/m/01yrx"
2KFRad_OEVM, 30.000, 40.000, "/m/01yrx"
2KjNkHQ8dvI, 30.000, 40.000, "/m/01yrx"
2Kz8a9S_Izs, 11.000, 21.000, "/m/01yrx"
2MFWzrk_KTM, 30.000, 40.000, "/m/01yrx"
2OoPfRnajZQ, 30.000, 40.000, "/m/01yrx"
2UGVSzh2bpQ, 30.000, 40.000, "/m/01yrx"
2YFsREAuJv4, 30.000, 40.000, "/m/01yrx"
2_07VckX0oU, 21.000, 31.000, "/m/01yrx"
2_Fl6KD9xZQ, 30.000, 40.000, "/m/01yrx"
2b0EzAqILu0, 30.000, 40.000, "/m/01yrx"
2ePpNRwWoOc, 30.000, 40.000, "/m/01yrx"
2fVTY-74PHI, 30.000, 40.000, "/m/01yrx"
2gCoy1QSPKM, 10.000, 20.000, "/m/01yrx"
2gs0Ltt5niY, 30.000, 40.000, "/m/01yrx"
2gvtmPZBNqw, 30.000, 40.000, "/m/01yrx"
2j8pxiFvElM, 0.000, 5.000, "/m/01yrx"
2nSWjsRllr8, 30.000, 40.000, "/m/01yrx"
2pFAkhUv7HQ, 19.000, 29.000, "/m/01yrx"
2rEjHi9VQM0, 7.000, 17.000, "/m/01yrx"
2sZhC_mKeic, 30.000, 40.000, "/m/01yrx"
2smnPw-cEps, 30.000, 40.000, "/m/01yrx"
2tMAx_ODhkw, 10.000, 20.000, "/m/01yrx;/m/09x0r"
2tpNtgOTI7M, 21.000, 31.000, "/m/01yrx"
2tvbXTF_MOA, 30.000, 40.000, "/m/01yrx"
2wG2Ar6VRMU, 30.000, 40.000, "/m/01yrx"
2wN-zr2MB2A, 30.000, 40.000, "/m/01yrx"
3-Q-3tZRaLI, 30.000, 40.000, "/m/01yrx"
3-Yw2TJQX4M, 13.000, 23.000, "/m/01yrx"
30N8kpX42Nc, 30.000, 40.000, "/m/01yrx"
30jyF9zlHXU, 30.000, 40.000, "/m/01yrx"
323uKBR-l4o, 30.000, 40.000, "/m/01yrx"
34_hvcz2g3s, 25.000, 35.000, "/m/01yrx"
34nb4_NIs_4, 13.000, 23.000, "/m/01yrx"
35qYEcRiJEY, 8.000, 18.000, "/m/01yrx;/m/09x0r"
369SnL621UI, 0.000, 10.000, "/m/01yrx"
3Ez6bhUGPKk, 30.000, 40.000, "/m/01yrx"
3G6CJHZEVYM, 30.000, 40.000, "/m/01yrx"
3GC8vah5aHU, 30.000, 40.000, "/m/01yrx"
3Glt9M8l_OA, 30.000, 40.000, "/m/01yrx"
3HrhMbXIuEk, 18.000, 28.000, "/m/01yrx"
3N0eacoj16s, 6.000, 16.000, "/m/01yrx"
3P_hZmAbPuI, 30.000, 40.000, "/m/01yrx"
3QOZzr4qCsg, 20.000, 30.000, "/m/01yrx"
3REDa7Da7Dk, 30.000, 40.000, "/m/01yrx"
3UjvVNXo91s, 30.000, 40.000, "/m/01yrx"
3Vu_2_YBeTk, 30.000, 40.000, "/m/01yrx"
3W20yc8TE1s, 30.000, 40.000, "/m/01yrx;/m/09x0r"
3dVfAVhlAVo, 30.000, 40.000, "/m/01yrx"
3ehTwni-7sg, 30.000, 40.000, "/m/01yrx"
3ejndVEAcmQ, 11.000, 21.000, "/m/01yrx"
3fdw7WJRVQc, 19.000, 29.000, "/m/01yrx"
3gXb8hq1Vk8, 25.000, 35.000, "/m/01yrx"
3gjF-cVb_m4, 30.000, 40.000, "/m/01yrx"
3n--reua_a0, 27.000, 37.000, "/m/01yrx"
3tPbl-78nZ8, 0.000, 4.000, "/m/01yrx"
3vcBPIhHjbE, 90.000, 100.000, "/m/01yrx;/m/0bt9lr"
3ww-zwFxrtY, 30.000, 40.000, "/m/01yrx"
3xeZDE2UE6w, 30.000, 40.000, "/m/01yrx;/m/09x0r"
46Ui0WCPoNk, 30.000, 40.000, "/m/01yrx"
48qlec3i3Ds, 25.000, 35.000, "/m/01yrx"
4BK-071pAfI, 30.000, 40.000, "/m/01yrx"
4BmkuLnWy1U, 120.000, 130.000, "/m/01yrx"
4MdNHt91DHM, 30.000, 40.000, "/m/01yrx"
4MqedZrHths, 30.000, 40.000, "/m/01yrx"
4OYKkAqdYbI, 0.000, 10.000, "/m/01yrx"
4P7p_EIdIeY, 30.000, 40.000, "/m/01yrx"
4S2R5UfWNBc, 4.000, 14.000, "/m/01yrx;/m/09x0r"
4UHlvxbSsJY, 30.000, 40.000, "/m/01yrx"
4VD4FGVS2nM, 10.000, 20.000, "/m/01yrx"
4VmVMns3514, 50.000, 60.000, "/m/01yrx"
4XHI4u7VidE, 30.000, 40.000, "/m/01yrx"
4Z-aeSrkqFg, 30.000, 40.000, "/m/01yrx"
4_MSTYZF8ns, 0.000, 10.000, "/m/01yrx"
4bLFS9KnHJU, 30.000, 40.000, "/m/01yrx"
4d4NOpPqTeo, 11.000, 21.000, "/m/01yrx"
4eeCIydN--4, 3.000, 13.000, "/m/01yrx"
4f2SbVHDPU8, 30.000, 40.000, "/m/01yrx"
4fpXqwEe_hM, 0.000, 4.000, "/m/01yrx"
4g5UJW0t4uc, 30.000, 40.000, "/m/01yrx;/m/09x0r"
4gSRzRQie2M, 1.000, 11.000, "/m/01yrx"
4hMpfbdjIjo, 40.000, 50.000, "/m/01yrx"
4hjW385XyHE, 30.000, 40.000, "/m/01yrx"
4ks0_dkWNGw, 10.000, 20.000, "/m/01yrx"
4lYCUB4REU0, 30.000, 40.000, "/m/01yrx"
4le_42J5qkU, 12.000, 22.000, "/m/01yrx"
4mswzuaZjnQ, 30.000, 40.000, "/m/01yrx"
4muUnvSiceA, 30.000, 40.000, "/m/01yrx"
4nsoFVx6MZ4, 17.000, 27.000, "/m/01yrx"
4oDE5ldMtT4, 30.000, 40.000, "/m/01yrx"
4pSzvT4eNdE, 22.000, 32.000, "/m/01yrx;/m/09x0r"
4pjcLnx3dMs, 14.000, 24.000, "/m/01yrx"
4rZuOkQL4HY, 30.000, 40.000, "/m/01yrx"
4rlpvDKiMMY, 15.000, 25.000, "/m/01yrx"
4saOJCEUaLE, 17.000, 27.000, "/m/0bt9lr"
4v89TDGH3do, 30.000, 40.000, "/m/01yrx"
5-aW6ffdiys, 100.000, 110.000, "/m/01yrx"
52tdbEqLRsM, 30.000, 40.000, "/m/01yrx"
--sIMPsphRI, 10.000, 20.000, "/m/0bt9lr"
--7jZxfzemI, 13.000, 23.000, "/m/0bt9lr"
--L22BmDI6E, 12.000, 22.000, "/m/0bt9lr"
-1UleAsNU_4, 30.000, 40.000, "/m/0bt9lr"
-24cKdvEPHs, 20.000, 30.000, "/m/0bt9lr"
-2XABjjB1tU, 110.000, 120.000, "/m/0bt9lr"
-37X0bRVT0g, 140.000, 150.000, "/m/0bt9lr"
-3L1zkUbHt8, 21.000, 31.000, "/m/0bt9lr"
-3cmXbOJOoc, 30.000, 40.000, "/m/0bt9lr;/m/09x0r"
-4H1EUXNl5s, 30.000, 40.000, "/m/0bt9lr"
-4ROHZMW7t0, 5.000, 15.000, "/m/0bt9lr"
-4ZFguO-v8M, 50.000, 60.000, "/m/0bt9lr;/m/09x0r"
-4i49rWLl1o, 20.000, 30.000, "/m/0bt9lr"
-4oBn8qurR4, 25.000, 35.000, "/m/0bt9lr"
-5IoPSM59xM, 9.000, 19.000, "/m/0bt9lr"
-5rnGk2e1ao, 0.000, 10.000, "/m/0bt9lr"
-799s1wQehA, 110.000, 120.000, "/m/0bt9lr"
-7T1vQ2CgdQ, 10.000, 20.000, "/m/0bt9lr;/m/07pp_mv"
-7Y8Cmjdvuk, 20.000, 30.000, "/m/0bt9lr"
-7khzUmnlm8, 30.000, 40.000, "/m/0bt9lr"
-7v9JCLrISM, 210.000, 220.000, "/m/0bt9lr"
-9OUFFMZTuk, 50.000, 60.000, "/m/0bt9lr;/m/09x0r"
-9P1IlNEgsM, 0.000, 8.000, "/m/0bt9lr"
-9YohOxYZ0Q, 10.000, 20.000, "/m/0bt9lr"
-A1G9vEhK58, 20.000, 30.000, "/m/0bt9lr"
-BEt_WLaM_8, 30.000, 40.000, "/m/0bt9lr"
-CEC5RoRUbU, 30.000, 40.000, "/m/0bt9lr"
-Dqd4YgZL0k, 30.000, 40.000, "/m/0bt9lr"
-EM6qEqk_H0, 10.000, 20.000, "/m/0bt9lr"
-GQtDyZq5y4, 30.000, 40.000, "/m/0bt9lr"
-HBR6wrrhAs, 0.000, 10.000, "/m/0bt9lr"
-HLkaa5GCFg, 20.000, 30.000, "/m/0bt9lr;/m/09x0r"
-HnhPxiYLLU, 0.000, 9.000, "/m/0bt9lr"
-IHE1hhdtek, 30.000, 40.000, "/m/0bt9lr"
-Io461is8Ko, 120.000, 130.000, "/m/0bt9lr"
-Its_5qrHs8, 30.000, 40.000, "/m/0bt9lr;/m/09x0r"
-JlAIil9iSE, 8.000, 18.000, "/m/0bt9lr"
-K0wP_zCTvA, 30.000, 40.000, "/m/0bt9lr"
-KzCxE1X5j0, 30.000, 40.000, "/m/0bt9lr"
-L46ZLyp9R0, 30.000, 40.000, "/m/0bt9lr"
-LWu_lirwKk, 0.000, 10.000, "/m/0bt9lr;/m/09x0r"
-LqG7GIW8UQ, 110.000, 120.000, "/m/0bt9lr"
-N7Qwe8goRc, 20.000, 30.000, "/m/0bt9lr"
-Nsu5Dm73Xw, 0.000, 10.000, "/m/0bt9lr"
-O-s44NpuEo, 30.000, 40.000, "/m/0bt9lr"
-OIGDKhH1cQ, 10.000, 20.000, "/m/0bt9lr"
-OYEgBWbvr4, 0.000, 10.000, "/m/0bt9lr"
-PIv8H-fn5U, 50.000, 60.000, "/m/0bt9lr;/m/09x0r"
-PWc49x8cyE, 30.000, 40.000, "/m/0bt9lr"
-PxusaPCH98, 30.000, 40.000, "/m/0bt9lr"
-QSTEXFuNZs, 0.000, 10.000, "/m/0bt9lr"
-QhqFtXZ7NA, 30.000, 40.000, "/m/0bt9lr"
-R47b72sQLU, 4.000, 14.000, "/m/0bt9lr"
-R5D2ee48uQ, 21.000, 31.000, "/m/0bt9lr"
-SL5sFIuhtg, 30.000, 40.000, "/m/0bt9lr"
-T9PDWg_EeU, 30.000, 40.000, "/m/0bt9lr"
-T9mK2krm2w, 30.000, 40.000, "/m/0bt9lr"
-TSQj52I1PQ, 260.000, 270.000, "/m/0bt9lr"
-UIDQgPMztE, 30.000, 40.000, "/m/0bt9lr"
-UubaEEMA4Q, 30.000, 40.000, "/m/0bt9lr;/m/09x0r"
-UxlFmoVuPo, 30.000, 40.000, "/m/0bt9lr"
-VG70q026Bw, 30.000, 40.000, "/m/0bt9lr"
-VPoLzHsw1s, 30.000, 40.000, "/m/0bt9lr"
-VV6dIcGmwI, 0.000, 10.000, "/m/0bt9lr"
-VbuWn-f52s, 30.000, 40.000, "/m/0bt9lr"
-Vo3XijOlvc, 70.000, 80.000, "/m/0bt9lr"
-W0tpODVUfQ, 30.000, 40.000, "/m/0bt9lr"
-WelAtqGj1E, 60.000, 70.000, "/m/0bt9lr"
-XLzWTb3sUg, 30.000, 40.000, "/m/0bt9lr;/m/09x0r"
-Y2x_3lyCqY, 10.000, 20.000, "/m/0bt9lr"
-YEkSU7gXLw, 30.000, 40.000, "/m/0bt9lr"
-Z0yjRccfSY, 17.000, 27.000, "/m/0bt9lr;/m/09x0r"
-ZBKA57bVj8, 20.000, 30.000, "/m/0bt9lr"
-ZdP1MF8bIw, 10.000, 20.000, "/m/0bt9lr"
-_A4yJmxFdM, 30.000, 40.000, "/m/0bt9lr"
-dvfWWc5bQ8, 30.000, 40.000, "/m/0bt9lr"
-eHWGca4Z8U, 50.000, 60.000, "/m/0bt9lr"
-ehQwV9uU8s, 30.000, 40.000, "/m/0bt9lr"
-dkiBLyj6wA, 30.000, 40.000, "/m/0bt9lr"
-dg95jfWnP4, 30.000, 40.000, "/m/0bt9lr"
-dDpGRPHzM0, 30.000, 40.000, "/m/0bt9lr;/m/09x0r"
-cid4JHUyiI, 20.000, 30.000, "/m/0bt9lr"
-cYASqmhOUo, 50.000, 60.000, "/m/0bt9lr"
-bWroS6KQj4, 26.000, 36.000, "/m/0bt9lr"
-akpZs0cx68, 30.000, 40.000, "/m/0bt9lr"
-_YEMHrl2QI, 2.000, 12.000, "/m/0bt9lr"
-eoxW0xL72I, 20.000, 30.000, "/m/0bt9lr"
-fugxRc4VhY, 40.000, 50.000, "/m/0bt9lr"
-furRVKz4ac, 30.000, 40.000, "/m/0bt9lr"
-hdg7DQaxW4, 30.000, 40.000, "/m/0bt9lr"
-hqM85LZw7c, 20.000, 30.000, "/m/0bt9lr"
-i0mmYppi18, 30.000, 40.000, "/m/0bt9lr"
-iQlvp-lsY4, 30.000, 40.000, "/m/0bt9lr"
-jQRCubyDVU, 30.000, 40.000, "/m/0bt9lr"
-kCWX1wjibc, 30.000, 40.000, "/m/0bt9lr"
-lHF9tBL2B8, 30.000, 40.000, "/m/0bt9lr"
-lT-SZfrIIU, 140.000, 150.000, "/m/0bt9lr"
-lwNEw-ZXlQ, 10.000, 20.000, "/m/0bt9lr"
-m5z0sH7kGE, 20.000, 30.000, "/m/0bt9lr"
-mdPX2djAUY, 10.000, 20.000, "/m/0bt9lr"
-mehDRbzJME, 20.000, 30.000, "/m/0bt9lr"
-mn4rI21T-4, 30.000, 40.000, "/m/0bt9lr"
-mt3E7_Ovlo, 30.000, 40.000, "/m/0bt9lr"
-unossccIwI, 0.000, 5.000, "/m/0bt9lr"
-umSSowXOX0, 30.000, 40.000, "/m/0bt9lr"
-u-Id9BVvIc, 2.000, 12.000, "/m/0bt9lr"
-u-F4pBH3F0, 30.000, 40.000, "/m/0bt9lr"
-twU2FvK4xw, 50.000, 60.000, "/m/0bt9lr;/m/09x0r"
-tPtpv32DZw, 10.000, 20.000, "/m/0bt9lr"
-sxwmvdgmWs, 21.000, 31.000, "/m/0bt9lr"
-sgDyi4BY-0, 30.000, 40.000, "/m/0bt9lr"
-sHWEPAUvmQ, 50.000, 60.000, "/m/0bt9lr"
-rcdmMimpgk, 5.000, 15.000, "/m/0bt9lr"
-rT-3LOGIjw, 10.000, 20.000, "/m/0bt9lr"
-r97oVkDfKQ, 30.000, 40.000, "/m/0bt9lr"
-r7foRuzOuc, 70.000, 80.000, "/m/0bt9lr"
-qfHOFxUwGQ, 0.000, 10.000, "/m/0bt9lr"
-pdmLg5FbQY, 30.000, 40.000, "/m/0bt9lr"
-pd7_XFFy0A, 100.000, 110.000, "/m/0bt9lr"
-oRgzBsFneA, 22.000, 32.000, "/m/0bt9lr"
-nveMLXxLn4, 10.000, 20.000, "/m/0bt9lr"
-nvJc7KvBJ8, 30.000, 40.000, "/m/0bt9lr"
-niT5wKbFOo, 10.000, 20.000, "/m/0bt9lr"
-naZXDdh9Ps, 30.000, 40.000, "/m/0bt9lr"
-n6rtB7rMuo, 30.000, 40.000, "/m/0bt9lr;/m/09x0r"
-mtTSO6FhSA, 10.000, 20.000, "/m/0bt9lr;/m/09x0r"
-vmRy0dU5kQ, 0.000, 5.000, "/m/0bt9lr"
-wb18_6tLAE, 50.000, 60.000, "/m/0bt9lr"
-yFeywhaivM, 30.000, 40.000, "/m/0bt9lr"
-yX0TlfBiFg, 12.000, 22.000, "/m/0bt9lr"
-yktClBEgbk, 30.000, 40.000, "/m/0bt9lr"
-yspk7ebYkQ, 20.000, 30.000, "/m/0bt9lr"
-za3Io5SExs, 30.000, 40.000, "/m/0bt9lr"
0-uzle1hzoI, 0.000, 10.000, "/m/0bt9lr"
-xy_iwaQckM, 50.000, 60.000, "/m/0bt9lr;/m/09x0r"
-zSFmp8e43E, 30.000, 40.000, "/m/0bt9lr"
0Am_PbPUkuk, 30.000, 40.000, "/m/0bt9lr"
0ApKTbVeSEU, 21.000, 31.000, "/m/0bt9lr"
0BSidlvh4Ds, 30.000, 40.000, "/m/0bt9lr"
0BTCY5xhrIY, 30.000, 40.000, "/m/0bt9lr"
0BnyrbZz8Jk, 30.000, 40.000, "/m/0bt9lr"
0BwiOU6alvQ, 0.000, 10.000, "/m/0bt9lr"
0C3J02LHgVk, 30.000, 40.000, "/m/0bt9lr"
0CRPp8k4wEo, 30.000, 40.000, "/m/0bt9lr"
0CUHnK_Lh4s, 30.000, 40.000, "/m/0bt9lr"
0CYxiRkfVhw, 30.000, 40.000, "/m/0bt9lr"
0CgZR0f_yFs, 30.000, 40.000, "/m/0bt9lr"
0CkERnAY8Ro, 30.000, 40.000, "/m/0bt9lr;/m/09x0r"
0EOJ3ZqLJDU, 10.000, 20.000, "/m/0bt9lr"
0EjIJRg8ub4, 30.000, 40.000, "/m/0bt9lr"
0FtYHAivI2E, 30.000, 40.000, "/m/0bt9lr"
0Gggc7Vz7TI, 10.000, 20.000, "/m/0bt9lr"
0Gxxzj2vopc, 30.000, 40.000, "/m/0bt9lr"
0IGUZWhc9Go, 10.000, 20.000, "/m/0bt9lr"
0J0sN1xeDZM, 30.000, 40.000, "/m/0bt9lr"
0M20-hvyBvQ, 110.000, 120.000, "/m/0bt9lr"
0M7CEfzzGm8, 220.000, 230.000, "/m/0bt9lr"
0N3bFducxuc, 30.000, 40.000, "/m/0bt9lr"
0NIW_5zr2zg, 30.000, 40.000, "/m/0bt9lr"
0OLsNjg9Q_c, 40.000, 50.000, "/m/0bt9lr"
0P2dMIUs6W0, 21.000, 31.000, "/m/0bt9lr"
0Q_BPEl7_Vo, 30.000, 40.000, "/m/0bt9lr"
0QkmP-TtIFo, 300.000, 310.000, "/m/0bt9lr"
0RFwwmALrBs, 30.000, 40.000, "/m/0bt9lr;/m/09x0r"
0RNKWKFds8Y, 30.000, 40.000, "/m/0bt9lr"
0RxvhDsjL0M, 30.000, 40.000, "/m/0bt9lr"
0UEClS6XhZ0, 30.000, 40.000, "/m/0bt9lr"
0UhAR0Qt4UA, 28.000, 38.000, "/m/0bt9lr"
0XDz4i5L4nE, 30.000, 40.000, "/m/0bt9lr;/m/09x0r"
0XED4i5Jkzw, 300.000, 310.000, "/m/0bt9lr"
0XR0EQBxzZk, 30.000, 40.000, "/m/0bt9lr"
0XUauSOwvzk, 30.000, 40.000, "/m/0bt9lr"
0X_XBckLKj8, 30.000, 40.000, "/m/0bt9lr"
0XouGEsWiQk, 200.000, 210.000, "/m/0bt9lr"
0ZPALU8EnWQ, 30.000, 40.000, "/m/0bt9lr"
0ZvMYLsy5sY, 20.000, 30.000, "/m/0bt9lr"
0_J0BWiW7-k, 12.000, 22.000, "/m/0bt9lr;/m/0d31p"
0a8RB5eOGJ4, 30.000, 40.000, "/m/0bt9lr"
0br2bEMg6yg, 23.000, 33.000, "/m/0bt9lr"
0bveNubRkUI, 0.000, 10.000, "/m/0bt9lr"
0cGgIDhIfdA, 30.000, 40.000, "/m/0bt9lr"
0cnLnzrBcmY, 10.000, 20.000, "/m/0bt9lr"
0d8dFoWQ2KA, 30.000, 40.000, "/m/0bt9lr"
0dI4cUQlAkQ, 30.000, 40.000, "/m/0bt9lr"
0eNfQDAbn_Y, 20.000, 30.000, "/m/0bt9lr"
0eaVWAwYCyU, 40.000, 50.000, "/m/0bt9lr;/m/09x0r"
0ebNDEKQWmY, 2.000, 12.000, "/m/0bt9lr"
0geFG8tCbrc, 0.000, 9.000, "/m/0bt9lr;/m/09x0r"
0gvqDWLoBfQ, 10.000, 20.000, "/m/0bt9lr"
0io4FnKo8Eg, 20.000, 30.000, "/m/0bt9lr"
0izj5OZGtg8, 30.000, 40.000, "/m/0bt9lr"
0j2L1H_b1qM, 20.000, 30.000, "/m/0bt9lr"
0kTHgSzQkfw, 10.000, 20.000, "/m/0bt9lr"
0l2qcA0XKUs, 30.000, 40.000, "/m/0bt9lr"
0lUFEAnnET8, 30.000, 40.000, "/m/0bt9lr"
0lV5Fln3nYA, 390.000, 400.000, "/m/0bt9lr"
0m5K90TnZhI, 30.000, 40.000, "/m/0bt9lr;/m/09x0r"
0m9QkjCVwcU, 30.000, 40.000, "/m/0bt9lr;/m/09x0r"
0mkHrcDzecQ, 90.000, 100.000, "/m/0bt9lr"
5_OJsj6bcuo, 260.000, 270.000, "/m/04brg2;/m/0dxrf;/m/09x0r"
8EQHKEd5mm4, 120.000, 130.000, "/m/04brg2;/m/0dxrf"
A_0MlszhCDE, 180.000, 190.000, "/m/04brg2;/m/0dxrf;/m/09x0r"
Ks82WXeSK_I, 200.000, 210.000, "/m/04brg2;/m/0dxrf"
TrdsiHl7xWA, 30.000, 40.000, "/m/04brg2;/m/0dxrf;/m/09x0r"
ZPDVc3hNaQs, 80.000, 90.000, "/m/04brg2;/m/09x0r;/m/0dxrf"
-DlHUJC4NuM, 16.000, 26.000, "/m/0dxrf;/m/04brg2"
-EDRNpIlIwo, 480.000, 490.000, "/m/0dxrf"
-GFJt6U-eE8, 340.000, 350.000, "/m/09x0r;/m/0dxrf;/m/04brg2"
-Owu1H-JG9w, 410.000, 420.000, "/m/0dxrf;/m/09x0r"
-PfTYmixaVM, 170.000, 180.000, "/m/0dxrf"
-RIXNh-i88E, 30.000, 40.000, "/m/09x0r;/m/0dxrf;/m/04brg2"
-ZFt9Uzz6Bc, 410.000, 420.000, "/m/0dxrf;/m/09x0r;/m/04brg2"
-_EXFasQQb8, 10.000, 20.000, "/m/0dxrf;/m/09x0r"
-_OktjRkoSk, 110.000, 120.000, "/m/0dxrf;/m/09x0r"
-essyyKfJao, 310.000, 320.000, "/m/0dxrf;/m/09x0r"
-g-eZBsr_3s, 520.000, 530.000, "/m/0dxrf;/m/09x0r"
-knsW4FmXus, 320.000, 330.000, "/m/0dxrf;/m/09x0r"
-mNmhJs1pYM, 90.000, 100.000, "/m/0dxrf"
04jA_kRetJY, 190.000, 200.000, "/m/0dxrf;/m/09x0r"
0H886ArR4l4, 20.000, 30.000, "/m/0dxrf;/m/09x0r"
0PvDZ5t_Ajk, 20.000, 30.000, "/m/0dxrf;/m/09x0r"
0WxL3UhsteQ, 210.000, 220.000, "/m/0dxrf;/m/09x0r"
0Z4LBWXXRTY, 430.000, 440.000, "/m/0dxrf;/m/09x0r"
0eTnDw0z8MQ, 170.000, 180.000, "/m/0dxrf;/m/09x0r;/m/04brg2"
0lEavQUSRO4, 410.000, 420.000, "/m/0dxrf;/m/09x0r;/m/04brg2"
0m5cakFD4UM, 80.000, 90.000, "/m/0dxrf;/m/09x0r;/m/04brg2"
0oUbMWJgokM, 170.000, 180.000, "/m/09x0r;/m/0dxrf"
0rmCYTGycKw, 90.000, 100.000, "/m/0dxrf;/m/09x0r"
0t1ogJiWi2s, 60.000, 70.000, "/m/09x0r;/m/0dxrf"
0wBhkeneS_0, 90.000, 100.000, "/m/0dxrf"
18ga5cnUrmk, 80.000, 90.000, "/m/09x0r;/m/0dxrf"
1BScYBNc6MA, 50.000, 60.000, "/m/09x0r;/m/0dxrf"
1CPfFe_5hyQ, 200.000, 210.000, "/m/0dxrf;/m/09x0r;/m/04brg2"
1ERSh8l5-sM, 330.000, 340.000, "/m/09x0r;/m/0dxrf"
1GOF_EEeO-0, 250.000, 260.000, "/m/0dxrf;/m/09x0r;/m/04brg2"
1T8oXIFhjbI, 160.000, 170.000, "/m/0dxrf;/m/09x0r;/m/04brg2"
1X3ab9ycVL0, 130.000, 140.000, "/m/0dxrf;/m/09x0r;/m/04brg2"
1pwPeNfpA6g, 20.000, 30.000, "/m/0dxrf;/m/04brg2"
1vRE3X4JUGA, 90.000, 100.000, "/m/0dxrf"
21Lcs4vTfL8, 330.000, 340.000, "/m/0dxrf;/m/09x0r;/m/04brg2"
24MAv47JAmM, 60.000, 70.000, "/m/09x0r;/m/0dxrf"
2BNVQn48D04, 130.000, 140.000, "/m/09x0r;/m/0dxrf"
2EEC4MkIOiI, 40.000, 50.000, "/m/0dxrf;/m/04brg2"
2ICT6R4XpG8, 390.000, 400.000, "/m/0dxrf;/m/04brg2"
2IvlhZhAQXg, 480.000, 490.000, "/m/09x0r;/m/0dxrf"
2K9u6gFz8aU, 270.000, 280.000, "/m/09x0r;/m/0dxrf"
2UxOuJUUNYI, 310.000, 320.000, "/m/09x0r;/m/0dxrf"
2gSMufsNQKA, 30.000, 40.000, "/m/0dxrf;/m/04brg2"
2itn7f5uqII, 340.000, 350.000, "/m/0dxrf;/m/09x0r;/m/04brg2"
2rk3CP0wyTE, 30.000, 40.000, "/m/0dxrf"
2u1uhPJjG0E, 130.000, 140.000, "/m/0dxrf;/m/09x0r;/m/04brg2"
31QfrApbf68, 140.000, 150.000, "/m/0dxrf"
3BDYVasyc7w, 90.000, 100.000, "/m/09x0r;/m/0dxrf"
3GzSX64mz9A, 120.000, 130.000, "/m/0dxrf;/m/09x0r;/m/04brg2"
3JhDWx-fyrU, 140.000, 150.000, "/m/09x0r;/m/0dxrf"
3KMFLT0_1Z8, 40.000, 50.000, "/m/0dxrf;/m/04brg2"
3T83pSxx7EY, 50.000, 60.000, "/m/09x0r;/m/0dxrf"
3W9E20sjFxU, 30.000, 40.000, "/m/0dxrf;/m/09x0r"
3Y-sGqzbkz8, 70.000, 80.000, "/m/0dxrf;/m/09x0r"
3eNWJ4Hle6Y, 210.000, 220.000, "/m/0dxrf;/m/04brg2"
3fUx5N4E_Ns, 22.000, 32.000, "/m/0dxrf"
3oMfiHn8glc, 250.000, 260.000, "/m/0dxrf;/m/09x0r"
3vbNr_cSPCs, 230.000, 240.000, "/m/0dxrf;/m/09x0r;/m/04brg2"
3xw-ArXjCd0, 1.000, 11.000, "/m/0dxrf"
4GNasJv6pKg, 160.000, 170.000, "/m/0dxrf"
4Io5AxwAZLg, 210.000, 220.000, "/m/0dxrf;/m/09x0r;/m/04brg2"
4SsN6ljFgO4, 380.000, 390.000, "/m/09x0r;/m/0dxrf"
4UnxBVjWyyI, 310.000, 320.000, "/m/0dxrf;/m/04brg2"
4bMl2MbdGFc, 60.000, 70.000, "/m/09x0r;/m/0dxrf"
4cV4T8ACLh8, 290.000, 300.000, "/m/0dxrf;/m/09x0r;/m/04brg2"
4dYGxoFrg_U, 120.000, 130.000, "/m/0dxrf;/m/09x0r;/m/04brg2"
4dcmUaJWEBA, 250.000, 260.000, "/m/09x0r;/m/0dxrf"
4fz0-Kx2oNs, 250.000, 260.000, "/m/0dxrf"
4n7ne-sC-JM, 520.000, 530.000, "/m/0dxrf"
4nHPpC6oGn4, 100.000, 110.000, "/m/0dxrf;/m/09x0r;/m/04brg2"
4pk8AgcjwHI, 100.000, 110.000, "/m/0dxrf;/m/09x0r;/m/04brg2"
4yx7AdsRAOs, 0.000, 10.000, "/m/0dxrf;/m/09x0r;/m/04brg2"
5-P7x4FV4lg, 570.000, 580.000, "/m/09x0r;/m/0dxrf"
51O5P0FfM4s, 350.000, 360.000, "/m/09x0r;/m/0dxrf"
56DAM74mj4o, 110.000, 120.000, "/m/09x0r;/m/0dxrf"
59sY88oEnK4, 270.000, 280.000, "/m/0dxrf;/m/09x0r;/m/04brg2"
5G6b_QWL3nY, 60.000, 70.000, "/m/0dxrf"
5K3CYm2u2zA, 220.000, 230.000, "/m/0dxrf;/m/04brg2"
5KgFUESjAjY, 30.000, 40.000, "/m/09x0r;/m/0dxrf"
5MdrETdOmws, 30.000, 40.000, "/m/09x0r;/m/0dxrf"
5MfA-Ty5Bug, 120.000, 130.000, "/m/0dxrf;/m/09x0r;/m/04brg2"
5NL28wdRU7w, 70.000, 80.000, "/m/0dxrf;/m/09x0r;/m/04brg2"
5OZjjLujmW4, 220.000, 230.000, "/m/0dxrf;/m/09x0r;/m/04brg2"
5SuhTH6E4s0, 510.000, 520.000, "/m/0dxrf;/m/09x0r;/m/04brg2"
5XSZ28t3Er4, 40.000, 50.000, "/m/0dxrf;/m/09x0r;/m/04brg2"
5ZQCdVfdGig, 170.000, 180.000, "/m/0dxrf;/m/09x0r;/m/04brg2"
5Z_H9AAErB8, 240.000, 250.000, "/m/0dxrf;/m/09x0r;/m/04brg2"
5Zlfi4rMHdA, 220.000, 230.000, "/m/09x0r;/m/0dxrf"
5cKp2I5wVnc, 110.000, 120.000, "/m/09x0r;/m/0dxrf"
5hUK9ubSMZU, 300.000, 310.000, "/m/0dxrf;/m/09x0r;/m/04brg2"
5jGW04-qCqA, 70.000, 80.000, "/m/0dxrf;/m/09x0r;/m/04brg2"
5jLgU3vg-JQ, 30.000, 40.000, "/m/0dxrf"
60sTmOvstX8, 14.000, 24.000, "/m/0dxrf;/m/09x0r"
621uG1-AkPg, 260.000, 270.000, "/m/0dxrf;/m/09x0r;/m/04brg2"
63aTkG1grKA, 120.000, 130.000, "/m/0dxrf;/m/09x0r;/m/04brg2"
68ijV_btmC0, 370.000, 380.000, "/m/0dxrf"
6DMX8gljdqU, 90.000, 100.000, "/m/0dxrf;/m/09x0r;/m/04brg2"
6cCRuEzXIl8, 410.000, 420.000, "/m/0dxrf;/m/09x0r;/m/04brg2"
6kG4su7eRsg, 160.000, 170.000, "/m/0dxrf;/m/04brg2"
6nJ9zXqHerc, 170.000, 180.000, "/m/09x0r;/m/0dxrf"
6zBQwvfO958, 90.000, 100.000, "/m/09x0r;/m/0dxrf"
779sKwaX_Hc, 120.000, 130.000, "/m/0dxrf"
7BrW2OIEGE4, 20.000, 30.000, "/m/0dxrf;/m/04brg2"
7jYmoqMkZSI, 50.000, 60.000, "/m/0dxrf;/m/04brg2"
7n4LwRcCA6I, 230.000, 240.000, "/m/0dxrf;/m/09x0r"
7o9GQfuUR0w, 30.000, 40.000, "/m/09x0r;/m/0dxrf"
7pL3UHjTnYw, 90.000, 100.000, "/m/0dxrf"
7sWqfhE9q08, 30.000, 40.000, "/m/09x0r;/m/0dxrf"
7w_SOFgaack, 70.000, 80.000, "/m/09x0r;/m/0dxrf"
8-ZLMffhptY, 280.000, 290.000, "/m/09x0r;/m/0dxrf"
8-wMKTMviuw, 180.000, 190.000, "/m/09x0r;/m/0dxrf"
82f4N4PPYDg, 70.000, 80.000, "/m/0dxrf;/m/09x0r;/m/04brg2"
8DVSSxR87pY, 300.000, 310.000, "/m/09x0r;/m/0dxrf"
8XVcVotWIiE, 2.000, 12.000, "/m/0dxrf;/m/04brg2"
8Xdq4cSpwl4, 90.000, 100.000, "/m/0dxrf;/m/09x0r;/m/04brg2"
8s70b3xf7LY, 100.000, 110.000, "/m/0dxrf;/m/09x0r;/m/04brg2"
8sfcMZ8A3OQ, 180.000, 190.000, "/m/0dxrf;/m/09x0r;/m/04brg2"
8wsrGjVfzQI, 160.000, 170.000, "/m/09x0r;/m/0dxrf"
923C2xEL-bY, 110.000, 120.000, "/m/0dxrf;/m/09x0r;/m/04brg2"
94P0VLAgTb4, 240.000, 250.000, "/m/0dxrf;/m/09x0r;/m/04brg2"
9JbcP3y9hYU, 560.000, 570.000, "/m/0dxrf;/m/09x0r;/m/04brg2"
9KPk292No4k, 140.000, 150.000, "/m/09x0r;/m/0dxrf"
9V_qFBGs5yY, 240.000, 250.000, "/m/09x0r;/m/0dxrf"
9YO1aiPy2A4, 280.000, 290.000, "/m/0dxrf;/m/09x0r"
9_HGCP0zg-4, 30.000, 40.000, "/m/0dxrf;/m/09x0r;/m/04brg2"
9aPbbNZGKM4, 140.000, 150.000, "/m/0dxrf;/m/09x0r;/m/04brg2"
9bQxINhcasI, 30.000, 40.000, "/m/0dxrf;/m/09x0r;/m/04brg2"
9iGjureW7uE, 80.000, 90.000, "/m/0dxrf"
9kMTqmnH0h8, 70.000, 80.000, "/m/0dxrf;/m/09x0r;/m/04brg2"
9pJxCW3gGFE, 120.000, 130.000, "/m/0dxrf;/m/04brg2"
9puiKadufhc, 150.000, 160.000, "/m/0dxrf;/m/09x0r;/m/04brg2"
9urBm5gQ_Gs, 120.000, 130.000, "/m/0dxrf;/m/09x0r"
9vugWX2roX4, 350.000, 360.000, "/m/09x0r;/m/0dxrf"
9woSSMs77wg, 160.000, 170.000, "/m/0dxrf"
9xTGSB1Gu5k, 180.000, 190.000, "/m/0dxrf;/m/09x0r;/m/04brg2"
A-KMlW676fA, 170.000, 180.000, "/m/0dxrf;/m/09x0r;/m/04brg2"
A-ni6bLwLzs, 0.000, 7.000, "/m/0dxrf"
A1vqIG8hUrA, 140.000, 150.000, "/m/0dxrf;/m/09x0r;/m/04brg2"
AXXbSozzodM, 150.000, 160.000, "/m/09x0r;/m/0dxrf"
A_Ed02Fc8uI, 520.000, 530.000, "/m/09x0r;/m/0dxrf"
Abj_Mr9vSF4, 30.000, 40.000, "/m/0dxrf"
Acv5XdRQYUg, 350.000, 360.000, "/m/0dxrf"
AiPaclfScPk, 30.000, 40.000, "/m/09x0r;/m/04brg2"
Aq9aVc38ENg, 530.000, 540.000, "/m/0dxrf;/m/09x0r;/m/04brg2"
AvtbBBUmJnY, 30.000, 40.000, "/m/0dxrf;/m/09x0r;/m/04brg2"
AxjVvxlVrB0, 70.000, 80.000, "/m/0dxrf;/m/09x0r;/m/04brg2"
B1jt_Zl16BM, 140.000, 150.000, "/m/0dxrf;/m/09x0r;/m/04brg2"
B6PFjZ09CeQ, 160.000, 170.000, "/m/0dxrf;/m/09x0r;/m/04brg2"
B7mBrG4WDFI, 210.000, 220.000, "/m/0dxrf;/m/04brg2"
B9tmpIYIBWc, 40.000, 50.000, "/m/0dxrf;/m/04brg2"
BCMH41D40C0, 150.000, 160.000, "/m/09x0r;/m/0dxrf"
BKNZ1V5Vwio, 190.000, 200.000, "/m/0dxrf"
BUqBatiRaS0, 30.000, 40.000, "/m/0dxrf"
C0yegOHoNH8, 150.000, 160.000, "/m/0dxrf;/m/04brg2"
C61p3UzHJlc, 60.000, 70.000, "/m/0dxrf"
C9RkVD1AgtU, 60.000, 70.000, "/m/0dxrf"
CYsgCcBFp9M, 30.000, 40.000, "/m/0dxrf;/m/04brg2"
D5LEHkIb3pI, 30.000, 40.000, "/m/0dxrf"
DK6lH3TIvvM, 6.000, 16.000, "/m/0dxrf;/m/04brg2"
EdapWc6McpE, 150.000, 160.000, "/m/0dxrf;/m/04brg2"
ExjkmiWArck, 380.000, 390.000, "/m/0dxrf"
FA_mtHkWx_A, 350.000, 360.000, "/m/0dxrf;/m/04brg2"
F_EGkmOEU6s, 9.000, 19.000, "/m/0dxrf"
Fjs4ljE0B9M, 220.000, 230.000, "/m/0dxrf;/m/04brg2"
FoAmYrmOvbU, 30.000, 40.000, "/m/0dxrf"
-TDsXxTaw2Q, 520.000, 530.000, "/m/04brg2"
-WEfNbZO_LE, 130.000, 140.000, "/m/04brg2"
-YLpD1UW8qU, 0.000, 10.000, "/m/04brg2"
-hWRLlRjetY, 10.000, 20.000, "/m/04brg2"
-xyHS0dJ3R8, 190.000, 200.000, "/m/04brg2"
074nzzlXf_g, 70.000, 80.000, "/m/04brg2"
0r2OVHasER0, 140.000, 150.000, "/m/04brg2"
1Ulak3dMnGU, 18.000, 28.000, "/m/04brg2"
1h5vQr1yu2E, 100.000, 110.000, "/m/04brg2"
1hL4MSPzMZ0, 270.000, 280.000, "/m/04brg2;/m/0dxrf"
1lqdBjdJgWg, 50.000, 60.000, "/m/04brg2"
2MwW5vQm4wI, 210.000, 220.000, "/m/04brg2"
2RQQORu0diE, 60.000, 70.000, "/m/04brg2"
2b7NoEYo56g, 80.000, 90.000, "/m/04brg2"
2dZ7ZV3vK28, 30.000, 40.000, "/m/04brg2"
2hahuIUm410, 40.000, 50.000, "/m/04brg2"
2p230m8MT0I, 60.000, 70.000, "/m/04brg2"
2qXtaTZdvrY, 20.000, 30.000, "/m/04brg2"
2tJYLjtQQjM, 170.000, 180.000, "/m/04brg2"
32V6Gv7S6mA, 50.000, 60.000, "/m/04brg2"
4FdTwg1jmAk, 2.000, 12.000, "/m/04brg2"
4QbTi4xcuVY, 30.000, 40.000, "/m/04brg2"
4RPbOWqEeVk, 310.000, 320.000, "/m/04brg2"
4SDfWBgrXVM, 10.000, 20.000, "/m/04brg2"
4XoQgeO26Ls, 0.000, 9.000, "/m/04brg2"
4fti1n2kmss, 10.000, 20.000, "/m/04brg2"
4vjsxKB1d5o, 310.000, 320.000, "/m/04brg2"
5D2UdmWOipI, 10.000, 20.000, "/m/04brg2"
69VgW9hZ1jc, 190.000, 200.000, "/m/04brg2"
6faPFBUvXh0, 200.000, 210.000, "/m/04brg2"
6hpAs8vJOow, 70.000, 80.000, "/m/04brg2"
75Ro0rRqJdg, 50.000, 60.000, "/m/04brg2"
7C4HntU8OzA, 0.000, 10.000, "/m/04brg2"
7WlRADYl44I, 30.000, 40.000, "/m/04brg2"
8GFntf9pr2M, 120.000, 130.000, "/m/04brg2"
9A1Sm-1KEqo, 190.000, 200.000, "/m/04brg2"
9SRUFh4J-9Y, 80.000, 90.000, "/m/04brg2"
9lBCoB8g7fU, 20.000, 30.000, "/m/04brg2"
9rjQjEg-XV0, 0.000, 7.000, "/m/04brg2"
9wQaQJq0Aok, 100.000, 110.000, "/m/04brg2"
BNUpvKtFrlM, 380.000, 390.000, "/m/04brg2"
-6n82E5zyuY, 70.000, 80.000, "/m/07pp_mv"
-kJT_nUHinA, 50.000, 60.000, "/m/07pp_mv"
0j1-0Y6lGck, 120.000, 130.000, "/m/07pp_mv;/m/09x0r"
2GQHZpe5yjA, 50.000, 60.000, "/m/07pp_mv"
3bfLx0v2z_M, 10.000, 20.000, "/m/07pp_mv"
3jlZEJBFJWQ, 220.000, 230.000, "/m/07pp_mv"
54tr1EdazoQ, 0.000, 10.000, "/m/07pp_mv"
5CYK7AKivDo, 180.000, 190.000, "/m/07pp_mv"
61X1X_LmORw, 90.000, 100.000, "/m/07pp_mv;/m/09x0r"
6Q2pEz4dH9o, 190.000, 200.000, "/m/07pp_mv"
6TkcupyZ5Fo, 50.000, 60.000, "/m/07pp_mv"
73BZrwK0WG4, 10.000, 20.000, "/m/07pp_mv"
79rmTWPTE4k, 20.000, 30.000, "/m/07pp_mv;/m/07pp_mv"
84DPXuqLmPU, 10.000, 20.000, "/m/07pp_mv"
8eEE_7vieA4, 60.000, 70.000, "/m/07pp_mv"
8qft_Gz8pbI, 40.000, 50.000, "/m/07pp_mv;/m/09x0r"
94sZbMbYJu0, 200.000, 210.000, "/m/07pp_mv"
9h5ROryAOB8, 30.000, 40.000, "/m/07pp_mv"
9it7TG54R7o, 20.000, 30.000, "/m/07pp_mv"
AdC7VM5iayo, 30.000, 40.000, "/m/07pp_mv"
Bbe0SLalfds, 300.000, 310.000, "/m/07pp_mv"
Bv7HaboieiI, 30.000, 40.000, "/m/07pp_mv"
CYgCdPSDuLU, 30.000, 40.000, "/m/07pp_mv;/m/09x0r"
DKIzFmeudjY, 10.000, 20.000, "/m/07pp_mv"
Dvo5gaHHMss, 60.000, 70.000, "/m/07pp_mv"
Dxl06F35zRU, 190.000, 200.000, "/m/07pp_mv"
EzPcuNoSHMM, 100.000, 110.000, "/m/07pp_mv;/m/09x0r"
FkxerJFHgwk, 30.000, 40.000, "/m/07pp_mv"
FuWDfaQjbvs, 100.000, 110.000, "/m/07pp_mv"
G9THIahRtIg, 30.000, 40.000, "/m/07pp_mv"
IJCt1QRXB2c, 10.000, 20.000, "/m/07pp_mv"
INo6GZA4JmI, 30.000, 40.000, "/m/07pp_mv"
ImI6wq8MZHI, 30.000, 40.000, "/m/07pp_mv"
JUfqY02LE8o, 30.000, 40.000, "/m/07pp_mv"
K_nRJ9wSrJo, 230.000, 240.000, "/m/07pp_mv"
KlhaNw2GOdI, 30.000, 40.000, "/m/07pp_mv"
LUXsrbkMXAo, 30.000, 40.000, "/m/07pp_mv;/m/09x0r"
MAKDYhkqEuM, 30.000, 40.000, "/m/07pp_mv"
MU-mjwNA8WA, 10.000, 20.000, "/m/07pp_mv"
Nc2S-9oUB8M, 70.000, 80.000, "/m/07pp_mv"
Nuua5ODd_fU, 50.000, 60.000, "/m/07pp_mv;/m/09x0r"
P4qAI2r1p-Y, 20.000, 30.000, "/m/07pp_mv;/m/09x0r"
P91WX58Lmy0, 30.000, 40.000, "/m/07pp_mv;/m/09x0r"
P_LNQaKzuik, 20.000, 30.000, "/m/07pp_mv"
PaTwyzQDgmU, 70.000, 80.000, "/m/07pp_mv"
Pti94mTT8SY, 30.000, 40.000, "/m/07pp_mv"
QSgqjJ2iglM, 30.000, 40.000, "/m/07pp_mv"
RMfA-0f-aDk, 12.000, 22.000, "/m/07pp_mv"
TZmFozrJ7BE, 20.000, 30.000, "/m/07pp_mv"
Tau23jfxRV0, 2.000, 12.000, "/m/07pp_mv"
Tx8HKkQEPrc, 10.000, 20.000, "/m/07pp_mv"
U4nhmciONvk, 20.000, 30.000, "/m/07pp_mv"
UtFWit1DrMk, 0.000, 10.000, "/m/07pp_mv"
VbPjWw7pRzo, 230.000, 240.000, "/m/07pp_mv"
WQsD5BeHcVM, 80.000, 90.000, "/m/07pp_mv"
WpaOXMCen7s, 0.000, 10.000, "/m/07pp_mv"
WvGEDbhCAps, 0.000, 10.000, "/m/07pp_mv"
Wzt30lCBGHs, 60.000, 70.000, "/m/07pp_mv;/m/09x0r"
X6U476H2pWw, 20.000, 30.000, "/m/07pp_mv"
XOxXhQAmuYM, 110.000, 120.000, "/m/07pp_mv"
3Q4BXiy1O4M, 130.000, 140.000, "/m/07pp_mv"
-Jnns0s8q2g, 22.000, 32.000, "/m/07pp_mv;/m/09x0r"
-ZgUXgJn4U0, 0.000, 10.000, "/m/07pp_mv"
-pP61DogSPY, 30.000, 40.000, "/m/07pp_mv"
0F1zmrJb1tI, 30.000, 40.000, "/m/07pp_mv;/m/09x0r"
0FS8b5CAMp8, 150.000, 160.000, "/m/07pp_mv;/m/09x0r"
0IkRggWmlfo, 0.000, 10.000, "/m/07pp_mv;/m/09x0r"
17cA4Gv1BZY, 220.000, 230.000, "/m/07pp_mv"
1Iv2NfqIrS4, 21.000, 31.000, "/m/07pp_mv"
1bmyWAIQ8kU, 60.000, 70.000, "/m/07pp_mv;/m/09x0r"
20ARmYU0v4I, 10.000, 20.000, "/m/07pp_mv"
2Lr0D12vRyc, 20.000, 30.000, "/m/07pp_mv"
2MXgZDIhMBE, 140.000, 150.000, "/m/07pp_mv"
2VQtwvIo8qs, 470.000, 480.000, "/m/07pp_mv;/m/09x0r"
2Y0T7yIvKsk, 50.000, 60.000, "/m/07pp_mv;/m/09x0r"
2rDDBfzFoFE, 270.000, 280.000, "/m/07pp_mv;/m/09x0r"
32j2ljoJnrs, 30.000, 40.000, "/m/07pp_mv;/m/09x0r"
3DRjPtu_lPs, 1.000, 11.000, "/m/07pp_mv"
3YRHXBx7M-o, 0.000, 10.000, "/m/07pp_mv"
3faRdcvQG4c, 0.000, 10.000, "/m/07pp_mv"
3wFAf6wVAVM, 100.000, 110.000, "/m/07pp_mv"
3za58UBL5rE, 0.000, 10.000, "/m/07pp_mv"
4CKQdo1ppjs, 0.000, 10.000, "/m/07pp_mv"
4GpYhHH7V7g, 7.000, 17.000, "/m/07pp_mv"
4UOZhV_zU0g, 0.000, 10.000, "/m/07pp_mv;/m/09x0r"
5CQxRy_KRLg, 170.000, 180.000, "/m/07pp_mv"
5c5Xz7mbQcA, 20.000, 30.000, "/m/07pp_mv;/m/09x0r"
5vgZPDEI0Xo, 130.000, 140.000, "/m/07pp_mv;/m/09x0r"
6AIQWsPfoVg, 50.000, 60.000, "/m/07pp_mv"
6Tc-PG_aE9k, 0.000, 10.000, "/m/07pp_mv"
6mZSpGpIy-M, 0.000, 10.000, "/m/07pp_mv"
7aaCPJACSg4, 6.000, 16.000, "/m/07pp_mv"
7kSLOXodo5Y, 20.000, 30.000, "/m/07pp_mv"
8ElgFfdm3I4, 30.000, 40.000, "/m/07pp_mv"
8FOSukeEmlI, 0.000, 10.000, "/m/07pp_mv"
8l_rjIsUzdQ, 16.000, 26.000, "/m/07pp_mv"
8mOksvfiImI, 130.000, 140.000, "/m/07pp_mv;/m/09x0r"
9MOOm2UWqg4, 90.000, 100.000, "/m/07pp_mv;/m/09x0r"
9a9wO2zHK_0, 20.000, 30.000, "/m/07pp_mv"
AeqkD4U_KvU, 90.000, 100.000, "/m/07pp_mv"
BIMZ4xizgBc, 0.000, 10.000, "/m/07pp_mv"
C08BB39CkeU, 0.000, 10.000, "/m/07pp_mv"
CSkW8JWWITY, 0.000, 5.000, "/m/07pp_mv"
CeyeVxQTXts, 12.000, 22.000, "/m/07pp_mv"
DN0gNwt-XuM, 140.000, 150.000, "/m/07pp_mv;/m/09x0r"
DWZjGH0sXXU, 30.000, 40.000, "/m/07pp_mv"
EZolNzNjcEs, 50.000, 60.000, "/m/07pp_mv;/m/09x0r"
EbMfK3MVPYU, 0.000, 10.000, "/m/07pp_mv"
F56fFsSYrj8, 0.000, 10.000, "/m/07pp_mv"
FLTWUsc03mg, 120.000, 130.000, "/m/07pp_mv;/m/09x0r"
FP1l5Q2DnHU, 270.000, 280.000, "/m/07pp_mv;/m/09x0r"
Fc3GdhovCpQ, 0.000, 9.000, "/m/07pp_mv;/m/09x0r"
Ff-LWu7Eyag, 40.000, 50.000, "/m/07pp_mv;/m/09x0r"
Fl6VgLJBfZI, 10.000, 20.000, "/m/07pp_mv"
H0Y9Qmjdtrw, 60.000, 70.000, "/m/07pp_mv;/m/09x0r"
HN8v2mMMc9c, 30.000, 40.000, "/m/07pp_mv"
HgNqeUAvbVI, 10.000, 20.000, "/m/07pp_mv;/m/09x0r"
JPtjelwyiyY, 280.000, 290.000, "/m/07pp_mv;/m/09x0r"
K9GDTXuoqp4, 14.000, 24.000, "/m/07pp_mv"
KXzsUM_hd04, 30.000, 40.000, "/m/07pp_mv"
L-shyM-lAF4, 70.000, 80.000, "/m/07pp_mv"
L2YkwcKaus4, 30.000, 40.000, "/m/07pp_mv"
17xCyq_4wvs, 440.000, 450.000, "/m/04brg2"
TSnq6n8tElo, 0.000, 10.000, "/m/04brg2"
g42ecK_5Ql4, 30.000, 40.000, "/m/04brg2;/m/09x0r"
dnFtHhbyprM, 60.000, 70.000, "/m/04brg2"
iUMViXPOP78, 130.000, 140.000, "/m/04brg2"
7yeWLEus7OI, 80.000, 90.000, "/m/04fgwm"
-l8PxqOuQno, 440.000, 450.000, "/m/04fgwm"
0d8_1lfiU0Q, 90.000, 100.000, "/m/04fgwm;/m/09x0r"
0ny3NV1LczM, 0.000, 10.000, "/m/04fgwm;/m/09x0r"
0uX3T48TZ-o, 0.000, 10.000, "/m/04fgwm"
10ka4Hi5ulc, 190.000, 200.000, "/m/04fgwm;/m/09x0r"
15MHODWgCm0, 460.000, 470.000, "/m/04fgwm;/m/09x0r"
1C0KmX3qjOI, 80.000, 90.000, "/m/04fgwm"
1VPLtD6f3ww, 200.000, 210.000, "/m/04fgwm;/m/09x0r"
2cVWhokonSg, 250.000, 260.000, "/m/04fgwm"
4Ej40iHrA-Q, 300.000, 310.000, "/m/04fgwm;/m/09x0r"
4iAdrVeCMZg, 120.000, 130.000, "/m/04fgwm"
4nOZGodjdJQ, 450.000, 460.000, "/m/04fgwm;/m/09x0r"
4qVqsHqlAfU, 50.000, 60.000, "/m/04fgwm"
5FNOfXHPtL8, 110.000, 120.000, "/m/04fgwm;/m/09x0r"
5P5Hw47eHq0, 70.000, 80.000, "/m/04fgwm"
6pgLixTKuLk, 0.000, 10.000, "/m/04fgwm"
6qa2gp8O9FA, 10.000, 20.000, "/m/04fgwm"
74H2THUDZTo, 130.000, 140.000, "/m/04fgwm"
7mvN10Zo2mg, 180.000, 190.000, "/m/04fgwm"
7yj_qBopdZU, 100.000, 110.000, "/m/04fgwm;/m/09x0r"
8_H6Pxw2hdI, 80.000, 90.000, "/m/04fgwm"
8zgQgREF1rA, 210.000, 220.000, "/m/04fgwm;/m/09x0r"
948s7w-mFs8, 460.000, 470.000, "/m/04fgwm"
9TAqtOkm1oY, 20.000, 30.000, "/m/04fgwm"
9UREnfaEBIs, 180.000, 190.000, "/m/04fgwm;/m/09x0r"
9vnCi8nepzY, 10.000, 20.000, "/m/04fgwm"
AaeemnJDijQ, 300.000, 310.000, "/m/04fgwm;/m/09x0r"
ClD5nZPCYpo, 340.000, 350.000, "/m/04fgwm"
DJ67WIInEfQ, 190.000, 200.000, "/m/04fgwm"
DshGlHW-Gso, 470.000, 480.000, "/m/04fgwm"
E2Wz2m4OnNc, 320.000, 330.000, "/m/04fgwm;/m/09x0r"
EsPtgM0aEtI, 90.000, 100.000, "/m/04fgwm"
G-HHDd9iGBk, 0.000, 10.000, "/m/04fgwm;/m/09x0r"
GH_MVIMQFHM, 0.000, 10.000, "/m/04fgwm"
IISdb2xY1c8, 70.000, 80.000, "/m/04fgwm"
IM7fC7cC-0s, 90.000, 100.000, "/m/04fgwm;/m/09x0r"
JuRJ472fUnk, 100.000, 110.000, "/m/04fgwm;/m/09x0r"
LWzfyt3e5Z8, 40.000, 50.000, "/m/04fgwm;/m/09x0r"
MGDY9Vzb7aU, 320.000, 330.000, "/m/04fgwm;/m/09x0r"
N3K9gKi72D8, 0.000, 10.000, "/m/04fgwm"
OggnKrdzaQw, 110.000, 120.000, "/m/04fgwm;/m/09x0r"
Pmxd_5MzMOU, 360.000, 370.000, "/m/04fgwm;/m/09x0r"
PuKbruzBgtQ, 120.000, 130.000, "/m/04fgwm"
Q82Zx2To3p0, 274.000, 284.000, "/m/04fgwm;/m/09x0r"
RKJ92g6Rlbg, 50.000, 60.000, "/m/04fgwm"
S6J_TBsr60w, 60.000, 70.000, "/m/04fgwm;/m/09x0r"
SfkcX840S7E, 340.000, 350.000, "/m/04fgwm;/m/09x0r"
TJQ2QmTpdiY, 290.000, 300.000, "/m/04fgwm"
TysWRPM860E, 360.000, 370.000, "/m/04fgwm;/m/09x0r"
UOQK9dEKpwU, 30.000, 40.000, "/m/04fgwm;/m/09x0r"
V0ML6ZWxKtY, 30.000, 40.000, "/m/04fgwm;/m/0838f;/m/09x0r"
VvDxsU8fX-Y, 70.000, 80.000, "/m/04fgwm;/m/09x0r"
WYOZOVeL38I, 400.000, 410.000, "/m/04fgwm;/m/09x0r"
WwwwbUrBLbQ, 180.000, 190.000, "/m/04fgwm;/m/09x0r"
XkhekLeZL0Q, 120.000, 130.000, "/m/04fgwm;/m/09x0r"
XlFk0McqRS0, 230.000, 240.000, "/m/04fgwm;/m/09x0r"
htox2pJ-XVs, 190.000, 200.000, "/m/02pjr4;/m/04brg2;/m/09x0r"
-3k1Xl7eriw, 140.000, 150.000, "/m/02pjr4;/m/09x0r"
-5SglSseBko, 180.000, 190.000, "/m/02pjr4"
-6XpcYja_QQ, 210.000, 220.000, "/m/02pjr4;/m/09x0r"
-BvlRNfCz1w, 50.000, 60.000, "/m/02pjr4;/m/09x0r"
-EvFB12zCk8, 30.000, 40.000, "/m/02pjr4"
-H8nh3Z1__M, 170.000, 180.000, "/m/02pjr4;/m/09x0r"
-HyhSn6rU8A, 100.000, 110.000, "/m/02pjr4"
-T5KPWf0llU, 110.000, 120.000, "/m/02pjr4;/m/09x0r"
-_UM0h1qcBM, 40.000, 50.000, "/m/02pjr4"
-aHF0scCGc4, 470.000, 480.000, "/m/02pjr4;/m/09x0r;/m/04brg2"
-fy0rQoumZ0, 230.000, 240.000, "/m/02pjr4"
-ghB9TOCBR8, 50.000, 60.000, "/m/02pjr4"
-klrkvfrYXU, 70.000, 80.000, "/m/02pjr4"
-rQOBpBoyXw, 220.000, 230.000, "/m/02pjr4;/m/09x0r"
-toGk_oBULM, 330.000, 340.000, "/m/02pjr4;/m/09x0r"
-uIrOdeAZbQ, 10.000, 20.000, "/m/02pjr4"
0R06GmUsGww, 40.000, 50.000, "/m/02pjr4"
0Tt-SGltms0, 480.000, 490.000, "/m/02pjr4;/m/09x0r"
0XURSgwK0VA, 210.000, 220.000, "/m/02pjr4;/m/09x0r"
0_zh25VgrPY, 50.000, 60.000, "/m/02pjr4"
0hy1fvEH4Zs, 30.000, 40.000, "/m/02pjr4;/m/09x0r"
0kLEZglWPAI, 230.000, 240.000, "/m/02pjr4"
0oQT-Cbz6D0, 60.000, 70.000, "/m/02pjr4;/m/09x0r"
0yFZ4mGgqgk, 90.000, 100.000, "/m/02pjr4;/m/09x0r"
10orprocVRw, 360.000, 370.000, "/m/02pjr4;/m/09x0r"
16YYTRJavNE, 110.000, 120.000, "/m/02pjr4;/m/09x0r"
1GUZ1qlXK8M, 70.000, 80.000, "/m/02pjr4;/m/09x0r"
1MMFztEi-Hk, 240.000, 250.000, "/m/02pjr4;/m/09x0r"
1f4p0vedfI8, 220.000, 230.000, "/m/02pjr4;/m/09x0r"
1j3EdSOu7ME, 30.000, 40.000, "/m/02pjr4"
1np6pFWeYNE, 200.000, 210.000, "/m/02pjr4;/m/09x0r"
1vXVjlZlCf4, 30.000, 40.000, "/m/02pjr4;/m/09x0r"
2EoNTqlwPi0, 90.000, 100.000, "/m/02pjr4;/m/09x0r"
2HKrcHOigTU, 130.000, 140.000, "/m/02pjr4;/m/09x0r"
2P_Yh66CIhY, 20.000, 30.000, "/m/02pjr4;/m/0838f"
2U6WeaRLEds, 140.000, 150.000, "/m/02pjr4;/m/09x0r"
2X6NE7dA1vw, 200.000, 210.000, "/m/02pjr4;/m/09x0r"
2aPtGGf0AEg, 290.000, 300.000, "/m/02pjr4;/m/09x0r"
2njW17xoQHY, 40.000, 50.000, "/m/02pjr4;/m/09x0r"
2sX5a11I5UQ, 480.000, 490.000, "/m/02pjr4;/m/09x0r"
2tX_nAyRSp0, 130.000, 140.000, "/m/02pjr4"
3EJ5Yf5hkx0, 150.000, 160.000, "/m/02pjr4;/m/09x0r"
3KRWwv1B1bc, 130.000, 140.000, "/m/02pjr4"
3Y-bKlz6yDY, 340.000, 350.000, "/m/02pjr4;/m/09x0r"
3aau8XlZ6rk, 110.000, 120.000, "/m/02pjr4;/m/09x0r"
3rn-t1PF84A, 80.000, 90.000, "/m/02pjr4;/m/09x0r"
3sNrNlVxMu8, 110.000, 120.000, "/m/02pjr4"
4Q37R8tiQUo, 370.000, 380.000, "/m/02pjr4;/m/09x0r"
4Xvbqxv8DTg, 330.000, 340.000, "/m/02pjr4"
4_yLxXvtm9s, 90.000, 100.000, "/m/02pjr4"
4aeWOVHDPoU, 580.000, 590.000, "/m/02pjr4;/m/09x0r"
4h1GQECU4GM, 330.000, 340.000, "/m/02pjr4"
4nm2U07swz0, 40.000, 50.000, "/m/02pjr4;/m/09x0r;/m/04brg2"
4qcrawQOVTM, 260.000, 270.000, "/m/02pjr4;/m/09x0r"
4sHNykqZDNE, 10.000, 20.000, "/m/02pjr4"
4uuGBWihU3g, 100.000, 110.000, "/m/02pjr4"
4xIq6W9b4jY, 60.000, 70.000, "/m/02pjr4;/m/09x0r"
52dupxkQbFo, 260.000, 270.000, "/m/02pjr4;/m/09x0r"
558YuvyAoao, 50.000, 60.000, "/m/02pjr4;/m/09x0r"
56hglfxZmSA, 200.000, 210.000, "/m/02pjr4"
57L82bDE3qw, 360.000, 370.000, "/m/02pjr4"
585sVgKWYHg, 130.000, 140.000, "/m/02pjr4"
5EZwT9M5pSA, 60.000, 70.000, "/m/02pjr4"
5IDCyA2GDgs, 30.000, 40.000, "/m/02pjr4"
5S85tBSOyWE, 170.000, 180.000, "/m/02pjr4;/m/09x0r"
5VRQeBUWq6Y, 50.000, 60.000, "/m/02pjr4;/m/09x0r"
5dI6uTc-ELo, 240.000, 250.000, "/m/02pjr4;/m/09x0r"
5fg4OOQEHgA, 40.000, 50.000, "/m/02pjr4"
5ioGzyY8bU0, 130.000, 140.000, "/m/02pjr4;/m/09x0r"
5mRrha-NzhY, 250.000, 260.000, "/m/02pjr4;/m/09x0r"
5rq2cNIJjDY, 100.000, 110.000, "/m/02pjr4;/m/09x0r"
5ySPLstciNg, 130.000, 140.000, "/m/02pjr4;/m/09x0r"
65IrP6p0D0w, 40.000, 50.000, "/m/02pjr4;/m/09x0r"
69HgDj5ObUE, 380.000, 390.000, "/m/02pjr4;/m/09x0r"
6EeyngaELKA, 0.000, 10.000, "/m/02pjr4"
6Jec5pP8JKQ, 70.000, 80.000, "/m/02pjr4"
6P6a4R2uZFI, 10.000, 20.000, "/m/02pjr4;/m/09x0r"
6RdolW1mrGY, 60.000, 70.000, "/m/02pjr4;/m/09x0r"
6_ADEY85YME, 110.000, 120.000, "/m/02pjr4"
6fxpVuxEHW4, 380.000, 390.000, "/m/02pjr4"
6giZCLr_kHQ, 110.000, 120.000, "/m/02pjr4;/m/09x0r"
6i7qgb6DDEw, 350.000, 360.000, "/m/02pjr4;/m/09x0r"
79se-Y2lBQ8, 50.000, 60.000, "/m/02pjr4;/m/09x0r"
7LPUszo1Iik, 50.000, 60.000, "/m/02pjr4"
7wi2e54glEM, 180.000, 190.000, "/m/02pjr4;/m/09x0r"
7zXcQDhtZDs, 210.000, 220.000, "/m/02pjr4;/m/09x0r"
83Txe5EAijU, 260.000, 270.000, "/m/02pjr4;/m/09x0r"
8FdSTXcdd_I, 90.000, 100.000, "/m/02pjr4;/m/09x0r"
8KuJppQ-eYo, 60.000, 70.000, "/m/02pjr4"
8ULJxyCGIDo, 130.000, 140.000, "/m/02pjr4;/m/09x0r"
8ajbjZHEE84, 30.000, 40.000, "/m/02pjr4;/m/09x0r"
8sVHU5ZS5zA, 30.000, 40.000, "/m/02pjr4;/m/09x0r"
8vH-7eaPSuQ, 110.000, 120.000, "/m/02pjr4;/m/09x0r"
8xGTYSfiOho, 70.000, 80.000, "/m/02pjr4"
90WHXVizpa4, 560.000, 570.000, "/m/02pjr4;/m/09x0r"
99OwHVyV-TU, 110.000, 120.000, "/m/02pjr4"
99cwh996lpU, 540.000, 550.000, "/m/02pjr4;/m/09x0r"
9Bac9Hg6ix8, 200.000, 210.000, "/m/02pjr4;/m/09x0r"
9F8Ea-D4s2s, 350.000, 360.000, "/m/02pjr4;/m/09x0r"
9QYrSEuK2y8, 80.000, 90.000, "/m/02pjr4"
9fp-9qML6j0, 0.000, 10.000, "/m/02pjr4"
9wjb1AfkAns, 230.000, 240.000, "/m/02pjr4"
Ahopgeu0JLY, 60.000, 70.000, "/m/02pjr4;/m/09x0r"
AuM1rU__KQA, 360.000, 370.000, "/m/02pjr4"
B40LYUDQXsI, 220.000, 230.000, "/m/02pjr4;/m/09x0r"
B4d09kEOrS0, 40.000, 50.000, "/m/02pjr4"
B6ggNg0zh7g, 50.000, 60.000, "/m/02pjr4;/m/09x0r"
Bi6KCe9AM30, 150.000, 160.000, "/m/02pjr4;/m/09x0r;/m/04brg2"
BkUdwj5JR0Q, 20.000, 30.000, "/m/02pjr4;/m/09x0r"
Bma1LAXdxoI, 80.000, 90.000, "/m/02pjr4"
Br8Rn5iN8ko, 80.000, 90.000, "/m/02pjr4;/m/09x0r"
BuYLhXrknLc, 60.000, 70.000, "/m/02pjr4;/m/09x0r"
BwJgOCnwsA8, 80.000, 90.000, "/m/02pjr4;/m/09x0r"
C2ZwwKIThvU, 10.000, 20.000, "/m/02pjr4"
C6G6Clcqhvs, 170.000, 180.000, "/m/02pjr4"
C8NPjvCLGak, 20.000, 30.000, "/m/02pjr4"
C8obKwBa33A, 40.000, 50.000, "/m/02pjr4;/m/09x0r;/m/04brg2"
C9cqgHZeGxo, 170.000, 180.000, "/m/02pjr4;/m/09x0r"
CFyKc5-3BF0, 420.000, 430.000, "/m/02pjr4;/m/09x0r"
CG6PGt5GazM, 0.000, 10.000, "/m/02pjr4"
CH4_LVdfV8Q, 30.000, 40.000, "/m/02pjr4;/m/09x0r"
CKZ6cyVKQEw, 120.000, 130.000, "/m/02pjr4;/m/09x0r"
CNRLrz9xUwY, 30.000, 40.000, "/m/02pjr4;/m/09x0r"
CYLZnd9SB7Y, 40.000, 50.000, "/m/02pjr4"
CePd0H0KpUU, 30.000, 40.000, "/m/02pjr4"
DJ1T9Es0htI, 310.000, 320.000, "/m/02pjr4;/m/09x0r"
DLFIy38xCB8, 150.000, 160.000, "/m/02pjr4;/m/09x0r"
DgElEEFPRaE, 570.000, 580.000, "/m/02pjr4"
DoW-vPhJbK4, 60.000, 70.000, "/m/02pjr4;/m/09x0r"
DptBcsuywGc, 90.000, 100.000, "/m/02pjr4;/m/09x0r"
DvgyFP7jxh4, 70.000, 80.000, "/m/02pjr4;/m/09x0r"
DvntfZKOkFg, 70.000, 80.000, "/m/02pjr4;/m/09x0r"
DxLsuLSwPXg, 40.000, 50.000, "/m/02pjr4;/m/09x0r"
--L9-DQKtlk, 250.000, 260.000, "/m/0838f;/m/09x0r"
-0RUcq5tkNU, 60.000, 70.000, "/m/0838f;/m/09x0r"
-tF2I8HmsHg, 0.000, 10.000, "/m/0838f;/m/09x0r;/m/0bt9lr"
-dpI6JsEyLs, 370.000, 380.000, "/m/0838f;/m/04brg2"
3MvZNrzT_yY, 230.000, 240.000, "/m/0838f;/m/04brg2;/m/09x0r"
_M6meJksXGE, 70.000, 80.000, "/m/0838f;/m/04brg2"
JlR9YiI_Spo, 30.000, 40.000, "/m/0838f;/m/09x0r"
OFPWxYhuqkM, 30.000, 40.000, "/m/0838f"
-64ZmjOBlE8, 20.000, 30.000, "/m/0838f"
-JP_MEol_8I, 60.000, 70.000, "/m/0838f;/m/09x0r"
-SxC_hWxr8E, 80.000, 90.000, "/m/0838f"
-ZZ16CynYAU, 40.000, 50.000, "/m/0838f"
-_SpAZLpoWw, 130.000, 140.000, "/m/0838f;/m/09x0r"
-yJiF8j1mBg, 40.000, 50.000, "/m/0838f;/m/09x0r"
0-_qA6N0U0U, 130.000, 140.000, "/m/0838f;/m/09x0r"
0UMoM9GT5Ws, 100.000, 110.000, "/m/0838f"
0aFcKmzH5uM, 70.000, 80.000, "/m/0838f;/m/09x0r"
0cnz5UnKhVQ, 20.000, 30.000, "/m/0838f;/m/09x0r"
0dGRxCpfAAU, 330.000, 340.000, "/m/0838f;/m/09x0r"
0efD01_zD8o, 20.000, 30.000, "/m/0838f;/m/04brg2"
0m3vVvKpVQg, 0.000, 10.000, "/m/0838f"
102JJRQMSWI, 330.000, 340.000, "/m/0838f;/m/09x0r"
154QbSZVTgw, 30.000, 40.000, "/m/0838f;/m/09x0r"
1Q2KE92L738, 40.000, 50.000, "/m/0838f"
1WI4qtcajVE, 60.000, 70.000, "/m/0838f"
1g_Q4M0-2Wk, 300.000, 310.000, "/m/0838f;/m/09x0r"
1kBcy6e8C6U, 10.000, 20.000, "/m/0838f;/m/09x0r"
1l2JCxeQzz8, 190.000, 200.000, "/m/0838f;/m/09x0r"
1oHc2z4CcQE, 170.000, 180.000, "/m/0838f;/m/09x0r"
1xXFh-z674c, 0.000, 10.000, "/m/0838f"
28RybnaaruE, 40.000, 50.000, "/m/0838f;/m/09x0r"
2A0V2P_k54o, 140.000, 150.000, "/m/0838f"
2Cwb4A7_BKU, 520.000, 530.000, "/m/0838f;/m/09x0r"
2UEONa82Uqc, 440.000, 450.000, "/m/0838f;/m/09x0r"
2aOxQ7yhhcs, 490.000, 500.000, "/m/0838f;/m/09x0r"
2az5_nabV6Q, 280.000, 290.000, "/m/0838f"
2evVhUh-lHI, 50.000, 60.000, "/m/0838f"
2j5WqXOAQFc, 290.000, 300.000, "/m/0838f;/m/09x0r"
2lpy_JOBHLM, 150.000, 160.000, "/m/0838f;/m/09x0r"
2nKHeUk3hc4, 280.000, 290.000, "/m/0838f;/m/09x0r"
2nW29N2td3w, 10.000, 20.000, "/m/0838f"
32YmhSSVU4U, 30.000, 40.000, "/m/0838f"
34LsZwq04uo, 190.000, 200.000, "/m/0838f;/m/09x0r"
37zZvSkYhO4, 0.000, 10.000, "/m/0838f;/m/09x0r"
3HO5aMVbsRI, 210.000, 220.000, "/m/0838f;/m/09x0r"
3vphosRD_Uk, 40.000, 50.000, "/m/0838f"
4BDeI3b0Nyc, 40.000, 50.000, "/m/0838f"
4O6LOE7kQJA, 240.000, 250.000, "/m/0838f;/m/09x0r"
4kT1BaFHza0, 50.000, 60.000, "/m/0838f"
4n7O0dJ3pmE, 0.000, 10.000, "/m/0838f"
5aE_ARYhtgY, 30.000, 40.000, "/m/0838f"
5hRL4oBRP7E, 10.000, 20.000, "/m/0838f"
5yFBvLbq1XA, 30.000, 40.000, "/m/0838f"
6IfLsA7TAyE, 30.000, 40.000, "/m/0838f"
6UDbuFKXaR0, 10.000, 20.000, "/m/0838f"
6UgKM2GQR-I, 20.000, 30.000, "/m/0838f;/m/09x0r"
6nxejjU5uP0, 50.000, 60.000, "/m/0838f"
71cT7xAs4VI, 50.000, 60.000, "/m/0838f;/m/09x0r"
72_3uEVpP1k, 140.000, 150.000, "/m/0838f;/m/09x0r"
7kdT0XUlUR4, 120.000, 130.000, "/m/0838f;/m/09x0r"
7p46zniZmQo, 150.000, 160.000, "/m/0838f"
8-8j3bdea70, 240.000, 250.000, "/m/0838f;/m/09x0r"
8FNGAEJom4k, 70.000, 80.000, "/m/0838f"
8X4RhPRTYQk, 220.000, 230.000, "/m/0838f;/m/0838f"
8fhjIpCeRs8, 30.000, 40.000, "/m/0838f"
8hL72rmg56U, 50.000, 60.000, "/m/0838f;/m/09x0r"
966jA2-z0mQ, 340.000, 350.000, "/m/0838f;/m/09x0r"
990kimBvy1U, 100.000, 110.000, "/m/0838f"
9aN9xCyWw8Q, 190.000, 200.000, "/m/0838f"
9fLNaTP3gps, 10.000, 20.000, "/m/0838f"
9mZZGZzzZvg, 190.000, 200.000, "/m/0838f;/m/09x0r"
AZmZ6kfHm1M, 10.000, 20.000, "/m/0838f"
Aa_maNDcSOw, 510.000, 520.000, "/m/0838f"
AjGA2F4q6uk, 470.000, 480.000, "/m/0838f;/m/09x0r"
ArSkEp-eSGA, 30.000, 40.000, "/m/0838f;/m/09x0r"
Axt_nGcrTR8, 500.000, 510.000, "/m/0838f"
BHzi0r-mghI, 30.000, 40.000, "/m/0838f;/m/09x0r"
BKSjAQdCpHQ, 60.000, 70.000, "/m/0838f;/m/09x0r"
BMDKkCbuzhg, 260.000, 270.000, "/m/0838f;/m/09x0r"
BSUZp6JIM38, 160.000, 170.000, "/m/0838f"
BbFqr4n4IZA, 120.000, 130.000, "/m/0838f;/m/09x0r"
C418nNoQeeA, 220.000, 230.000, "/m/0838f;/m/09x0r"
C6Ljue5PzIU, 240.000, 250.000, "/m/0838f"
C7Cf1q11zRw, 530.000, 540.000, "/m/0838f;/m/09x0r"
CAPCNEViaeo, 30.000, 40.000, "/m/0838f"
DC9p-KcYyPE, 100.000, 110.000, "/m/0838f;/m/09x0r"
DMtxOWGoerQ, 400.000, 410.000, "/m/0838f;/m/04brg2"
DPHu5KujHNc, 70.000, 80.000, "/m/0838f"
DanK-ZvjgN4, 0.000, 4.000, "/m/0838f"
DgFHRdGc8uQ, 20.000, 30.000, "/m/0838f"
DzsmK2kM-5U, 30.000, 40.000, "/m/0838f;/m/09x0r"
EDAJyMTNzdU, 0.000, 10.000, "/m/0838f"
EF8kEq-kgWE, 220.000, 230.000, "/m/0838f;/m/09x0r"
EskIddwvxxk, 510.000, 520.000, "/m/0838f;/m/09x0r"
F86r24n2tRg, 30.000, 40.000, "/m/0838f;/m/09x0r"
FBmIdVwK4d4, 90.000, 100.000, "/m/0838f"
FRho6fbN91k, 410.000, 420.000, "/m/0838f"
FfKGh8AIuSQ, 220.000, 230.000, "/m/0838f;/m/09x0r"
FmhReQEt-eg, 30.000, 40.000, "/m/0838f"
FofzmaOwL9I, 20.000, 30.000, "/m/0838f"
GCETAb5PT7I, 0.000, 10.000, "/m/0838f"
GaVEjL__sc8, 40.000, 50.000, "/m/0838f"
Gr8s4MZs0Fo, 110.000, 120.000, "/m/0838f;/m/09x0r"
Gx_Tfbrmfvs, 80.000, 90.000, "/m/0838f"
HOPPuIFvAqs, 30.000, 40.000, "/m/0838f"
HZ2E6E_9Im8, 60.000, 70.000, "/m/0838f;/m/09x0r"
H_KNJ52nAiM, 0.000, 10.000, "/m/0838f"
HclaeqlHtAI, 450.000, 460.000, "/m/0838f;/m/09x0r"
HgAWCQ5fvaY, 30.000, 40.000, "/m/0838f"
I1Qr1n4gyik, 150.000, 160.000, "/m/0838f"
IBZM13fbFHI, 150.000, 160.000, "/m/0838f"
IWO1f7E0CF4, 40.000, 50.000, "/m/0838f"
IYie9f5Zoi4, 110.000, 120.000, "/m/0838f"
IZmZEQiMQXo, 70.000, 80.000, "/m/0838f"
IZpgE9_0SKw, 70.000, 80.000, "/m/0838f"
IrDw7HMy630, 120.000, 130.000, "/m/0838f"
JGUGlVTs2-M, 410.000, 420.000, "/m/0838f;/m/09x0r"
JSfuu1BOwRo, 0.000, 10.000, "/m/0838f"
JjrgFhpGlB8, 70.000, 80.000, "/m/0838f"
JrJAL0TyUCc, 190.000, 200.000, "/m/0838f;/m/09x0r"
K8hvtDv4Pu0, 360.000, 370.000, "/m/0838f;/m/09x0r"
K97MbozOfeM, 130.000, 140.000, "/m/0838f"
KG68Xooiy4Y, 120.000, 130.000, "/m/0838f;/m/09x0r"
KRPlcAANvn0, 120.000, 130.000, "/m/0838f"
KWYMHBrFzko, 110.000, 120.000, "/m/0838f;/m/09x0r"
KWxy6GNZIOM, 10.000, 20.000, "/m/0838f"
KaTlXvarwgc, 10.000, 20.000, "/m/0838f"
KaZqY164XkE, 30.000, 40.000, "/m/0838f;/m/09x0r"
KkNOG6LDB08, 110.000, 120.000, "/m/0838f"
LYcW_eTDHQU, 13.000, 23.000, "/m/0838f"
LgVquCHPHP0, 0.000, 10.000, "/m/0838f;/m/09x0r"
LjlszWDz1Js, 350.000, 360.000, "/m/0838f"
M5WdAtpjhuE, 20.000, 30.000, "/m/0838f"
M5chN5WgE4g, 10.000, 20.000, "/m/0838f"
M6redC33XpU, 240.000, 250.000, "/m/0838f;/m/09x0r"
MNnbPAYosw4, 290.000, 300.000, "/m/0838f;/m/09x0r"
NGPBlFWUrX0, 30.000, 40.000, "/m/0838f;/m/09x0r"
NVG6edrUkZE, 570.000, 580.000, "/m/0838f"
NhIzjgScWG8, 30.000, 40.000, "/m/0838f"
Nju5CH-3cAw, 250.000, 260.000, "/m/0838f;/m/09x0r"
O6ANSuo4wqA, 500.000, 510.000, "/m/0838f;/m/09x0r"
O8fDStDVZGc, 0.000, 10.000, "/m/0838f"
ONh6Jb2MbSo, 90.000, 100.000, "/m/0838f"
OUxnwfKtTE0, 20.000, 30.000, "/m/0838f"
Ok5fxdkbVvY, 410.000, 420.000, "/m/0838f"
OvIWDoKqVyo, 70.000, 80.000, "/m/0838f"
Oz54Auev9eU, 170.000, 180.000, "/m/0838f"
PNjr19PWgs8, 30.000, 40.000, "/m/0838f"
PUklJ_YM2nY, 230.000, 240.000, "/m/0838f;/m/09x0r"
PWG95GjByFQ, 140.000, 150.000, "/m/0838f;/m/09x0r"
Pfc9MUPk0dw, 110.000, 120.000, "/m/0838f"
Pq2R5Lc0Gms, 60.000, 70.000, "/m/0838f;/m/09x0r"
PsbbXhvgzKU, 120.000, 130.000, "/m/0838f"
PsgvPFOr-TM, 30.000, 40.000, "/m/0838f"
Pt09W6J9Awk, 0.000, 10.000, "/m/0838f;/m/09x0r"
PvH6dGL-N6Y, 30.000, 40.000, "/m/0838f;/m/09x0r"
QQJqRJaYdKU, 30.000, 40.000, "/m/0838f;/m/09x0r;/m/0bt9lr"
QlflL9N5IOQ, 0.000, 10.000, "/m/0838f"
R6kfdRoG4no, 70.000, 80.000, "/m/0838f"
RpPWfr_1GbA, 0.000, 10.000, "/m/0838f"
Rr2e7xqYDzs, 0.000, 6.000, "/m/0838f"
RydJj9VhwPA, 30.000, 40.000, "/m/0838f"
S1mcQ3hgKLM, 20.000, 30.000, "/m/0838f"
S7_mWTET9to, 30.000, 40.000, "/m/0838f"
SEfck-Wvy2s, 360.000, 370.000, "/m/0838f;/m/09x0r"
Sagw-Umk5O8, 50.000, 60.000, "/m/0838f"
SdxSgz-RrHQ, 140.000, 150.000, "/m/0838f"
So2BdqpfkK0, 90.000, 100.000, "/m/0838f"
SoHW3xQFkqU, 30.000, 40.000, "/m/0838f"
TVM8-QR64L8, 30.000, 40.000, "/m/0838f;/m/09x0r"
TadbPYUHAvs, 130.000, 140.000, "/m/0838f"
U0gtX-O9xC4, 20.000, 30.000, "/m/0838f"
UHsYJU1ACQA, 0.000, 10.000, "/m/0838f"
UNfv0yWhLoo, 80.000, 90.000, "/m/0838f"
V3FZKiKjGwE, 50.000, 60.000, "/m/0838f"
VSJKA5dBm1A, 140.000, 150.000, "/m/0838f"
QJu-aBoOUVw, 170.000, 180.000, "/m/0838f;/m/09x0r"
-2FVPRdbLdA, 10.000, 20.000, "/m/0838f"
-F6GfPwjLWo, 30.000, 40.000, "/m/0838f"
-KrDQXnlXRw, 10.000, 20.000, "/m/0838f"
-LnYUCuNUuI, 20.000, 30.000, "/m/0838f;/m/09x0r"
-NW2pPAToFM, 0.000, 10.000, "/m/0838f"
-YkIP4iqElA, 10.000, 20.000, "/m/0838f"
-aI2lItV7zE, 100.000, 110.000, "/m/0838f"
-dX5RtfumBA, 220.000, 230.000, "/m/0838f"
-fC8_UodWjA, 40.000, 50.000, "/m/0838f"
-nWUVq5s7cM, 30.000, 40.000, "/m/0838f"
-wyF3xGM95g, 10.000, 20.000, "/m/0838f"
-ygqz4jLcsk, 0.000, 10.000, "/m/0838f"
04zOu5UFyo0, 20.000, 30.000, "/m/0838f;/m/09x0r"
0FXHXCu1lJY, 200.000, 210.000, "/m/0838f"
0HWIjjmpVtY, 70.000, 80.000, "/m/0838f"
0Opn_vz6sf4, 10.000, 20.000, "/m/0838f;/m/09x0r"
0PcvfVZo9e4, 10.000, 20.000, "/m/0838f"
0ZVdHyRbCCo, 40.000, 50.000, "/m/0838f"
0aZ3vvM4V34, 10.000, 20.000, "/m/0838f"
0fr57nOHOEU, 40.000, 50.000, "/m/0838f"
0gKyoOENUBM, 70.000, 80.000, "/m/0838f"
0iSQ-tdp1mo, 40.000, 50.000, "/m/0838f"
0j9aw8s6s1s, 40.000, 50.000, "/m/0838f;/m/09x0r"
0lqGcL0-uVA, 10.000, 20.000, "/m/0838f"
0mj46Xhzx1Y, 10.000, 20.000, "/m/0838f"
0suFvKAWJnU, 10.000, 20.000, "/m/0838f"
0uIe4dKUC1s, 50.000, 60.000, "/m/0838f"
0xdJWDNLZrE, 290.000, 300.000, "/m/0838f"
0z5TRiOKlX4, 20.000, 30.000, "/m/0838f"
13AbnrWanPk, 20.000, 30.000, "/m/0838f"
16b9HjgnmrY, 40.000, 50.000, "/m/0838f"
1AfCMvhZJVY, 40.000, 50.000, "/m/0838f"
1BEpOomjdIU, 0.000, 10.000, "/m/0838f;/m/09x0r"
1IgfQE4GT1Q, 20.000, 30.000, "/m/0838f"
1NbkO1auM1U, 0.000, 10.000, "/m/0838f"
1PLtmuFO66E, 150.000, 160.000, "/m/0838f"
1Tb7c70fJBs, 10.000, 20.000, "/m/0838f"
1YPjs1CTY2E, 0.000, 10.000, "/m/0838f"
1aNLeVBB9RQ, 0.000, 10.000, "/m/0838f"
1deq0hecAUE, 280.000, 290.000, "/m/0838f"
1hnLcaOlFks, 90.000, 100.000, "/m/0838f"
1sGbBTYBxDg, 20.000, 30.000, "/m/0838f"
1sTktH04-fw, 40.000, 50.000, "/m/0838f"
20nyHEh2HW0, 30.000, 40.000, "/m/0838f"
26-HMlPhve4, 20.000, 30.000, "/m/0838f"
27OJnL93_xc, 270.000, 280.000, "/m/0838f"
2BwiNhqCOFg, 160.000, 170.000, "/m/0838f"
2ErfX6ZT5pM, 0.000, 10.000, "/m/0838f"
2NP0fuxn-Q8, 0.000, 9.000, "/m/0838f"
2QETzhkbY6E, 17.000, 27.000, "/m/0838f"
2QTH4_WQlgg, 0.000, 10.000, "/m/0838f"
2T4irxX9lGs, 60.000, 70.000, "/m/0838f;/m/09x0r"
2YrIIOchjLQ, 100.000, 110.000, "/m/0838f"
2cBdAvV0_zs, 80.000, 90.000, "/m/0838f"
2cli1cg7SSA, 240.000, 250.000, "/m/0838f"
2d7dwiGchrg, 10.000, 20.000, "/m/0838f"
2hJBV9mb1CA, 20.000, 30.000, "/m/0838f"
2k0odEpLIkc, 20.000, 30.000, "/m/0838f"
2n4qR03SjnY, 10.000, 20.000, "/m/0838f"
2rbGcfo-k_Q, 0.000, 10.000, "/m/0838f"
3-0K2zuTwl4, 10.000, 20.000, "/m/0838f"
3OBX7R7QzgY, 20.000, 30.000, "/m/0838f"
3P-wkugs3s4, 40.000, 50.000, "/m/0838f;/m/09x0r"
3RaZ_DvJEsM, 0.000, 10.000, "/m/0838f"
3XZcJfZsVhA, 20.000, 30.000, "/m/0838f;/m/09x0r"
3YGtfWG_KT8, 110.000, 120.000, "/m/0838f"
3drnEnI8bls, 10.000, 20.000, "/m/0838f"
3lw0xavwWGE, 20.000, 30.000, "/m/0838f"
3mPPyrXA60o, 0.000, 10.000, "/m/0838f"
3rzg4ObzNL0, 0.000, 10.000, "/m/0838f;/m/09x0r"
3slY8qx8ZeI, 30.000, 40.000, "/m/0838f"
3xDZ-kdGE3o, 10.000, 20.000, "/m/0838f"
46UxneRS0Vw, 20.000, 30.000, "/m/0838f"
4CszE2N1TGw, 0.000, 10.000, "/m/0838f"
4GqZD3eNvIs, 30.000, 40.000, "/m/0838f"
4IF49XmNCaw, 50.000, 60.000, "/m/0838f"
4Lg847Wx8xc, 80.000, 90.000, "/m/0838f"
4MILPH5z3no, 30.000, 40.000, "/m/0838f"
4NHy8ARu1cc, 60.000, 70.000, "/m/0838f;/m/09x0r"
4NZCBEZbIDA, 10.000, 20.000, "/m/0838f"
4SIuuAQ3YLk, 40.000, 50.000, "/m/0838f"
4U9CtLJhpsQ, 20.000, 30.000, "/m/0838f"
4nN9QuT_OJM, 20.000, 30.000, "/m/0838f"
4pgGIwd2wto, 20.000, 30.000, "/m/0838f;/m/09x0r"
4psMVnfOCIs, 20.000, 30.000, "/m/0838f"
4r8uFqPOpqU, 0.000, 10.000, "/m/0838f"
4tj_DVfp0ME, 10.000, 20.000, "/m/0838f"
4ur5pqQkYGU, 30.000, 40.000, "/m/0838f"
4yiwdZ3LsN4, 60.000, 70.000, "/m/0838f"
4z2LSoUlWYk, 180.000, 190.000, "/m/0838f"
52l9n3JCtSk, 60.000, 70.000, "/m/0838f"
53jtALXeS7U, 40.000, 50.000, "/m/0838f"
53ktQBZmxUM, 0.000, 10.000, "/m/0838f"
58f0fFt0y4o, 30.000, 40.000, "/m/0838f"
59UL9Up9a3o, 90.000, 100.000, "/m/0838f"
59oDk6IRkB8, 10.000, 20.000, "/m/0838f"
5EcrQhp7We0, 40.000, 50.000, "/m/0838f"
5MXhhFv6AMo, 70.000, 80.000, "/m/0838f"
5Xi_j-8fpnA, 190.000, 200.000, "/m/0838f;/m/09x0r"
5bIuMNKRpTk, 10.000, 20.000, "/m/0838f"
6-Ok_3WzP5k, 30.000, 40.000, "/m/0838f"
64coFYUI4f0, 180.000, 190.000, "/m/0838f;/m/09x0r"
67GyakZWaFk, 0.000, 10.000, "/m/0838f"
6F-1DUQjoGY, 220.000, 230.000, "/m/0838f"
6IIDZWPcSd8, 0.000, 10.000, "/m/0838f;/m/09x0r"
6L6A0CxinL8, 10.000, 20.000, "/m/0838f"
6MBc6UrEv5Y, 0.000, 10.000, "/m/0838f"
6MGkrvH8Ntc, 10.000, 20.000, "/m/0838f"
6OTNz254tQw, 70.000, 80.000, "/m/0838f"
6U7HcpVhQ1A, 0.000, 10.000, "/m/0838f"
6YKWV3Hcsp8, 10.000, 20.000, "/m/0838f"
6fUn9gGkTIo, 10.000, 20.000, "/m/0838f;/m/09x0r"
6gtQ1amk3sk, 10.000, 20.000, "/m/0838f"
6iK8csUljY8, 30.000, 40.000, "/m/0838f"
6iZ5R_J9wKI, 30.000, 40.000, "/m/0838f"
6kgP5UmqtRs, 10.000, 20.000, "/m/0838f"
6lor4r7k4As, 20.000, 30.000, "/m/0838f"
79y6PHjXnd8, 10.000, 20.000, "/m/0838f"
7Eumr8sgq9I, 30.000, 40.000, "/m/0838f"
7HakzscblZY, 30.000, 40.000, "/m/0838f"
7Q0qcvdL7bc, 80.000, 90.000, "/m/0838f"
7TSU0B2adAM, 20.000, 30.000, "/m/0838f;/m/09x0r"
7_05UMqy4Tc, 0.000, 10.000, "/m/0838f"
7__8AVfo2bk, 30.000, 40.000, "/m/0838f"
7bdx3FmHJ2E, 0.000, 10.000, "/m/0838f;/m/09x0r"
7cgTsdhfn7s, 20.000, 30.000, "/m/0838f"
7ih9QYtw9ko, 10.000, 20.000, "/m/0838f"
7ue5N_tH-jI, 0.000, 9.000, "/m/0838f"
7v9h0tZXwu0, 0.000, 10.000, "/m/0838f"
7w8SF8dYNFI, 10.000, 20.000, "/m/0838f"
7xZxYm27FdA, 20.000, 30.000, "/m/0838f"
7yskaISnJM8, 20.000, 30.000, "/m/0838f"
85pI1yQAV98, 70.000, 80.000, "/m/0838f"
879C2PIaagw, 20.000, 30.000, "/m/0838f"
88P_mdXElVU, 10.000, 20.000, "/m/0838f"
88nqjULENCk, 20.000, 30.000, "/m/0838f"
8ALWgLQx7Xo, 20.000, 30.000, "/m/0838f"
8OTPu7DH0VI, 0.000, 10.000, "/m/0838f"
8PJoXe_XFe8, 30.000, 40.000, "/m/0838f"
8cR_Xq27Gbw, 180.000, 190.000, "/m/0838f"
8kekGAzvdlc, 20.000, 30.000, "/m/0838f"
8uhjObBGV-w, 60.000, 70.000, "/m/0838f"
8yfRH5pzHDo, 30.000, 40.000, "/m/0838f"
917aqwF8aAM, 100.000, 110.000, "/m/0838f"
96N-zODUCtc, 10.000, 20.000, "/m/0838f"
9HTVgGYken8, 100.000, 110.000, "/m/0838f;/m/09x0r"
9IcLueWEQIc, 20.000, 30.000, "/m/0838f"
9K8GZMG1QJo, 0.000, 10.000, "/m/0838f;/m/09x0r"
9XAvzOnkZhM, 0.000, 10.000, "/m/0838f"
9YHKI1kla2I, 30.000, 40.000, "/m/0838f"
9mlC9bC0ZjA, 30.000, 40.000, "/m/0838f"
9rcj35XGKWA, 80.000, 90.000, "/m/0838f;/m/09x0r"
9uZM6I0gFX8, 120.000, 130.000, "/m/0838f"
9ykOLkdw4Vw, 70.000, 80.000, "/m/0838f"
AVuLYVe77Fg, 10.000, 20.000, "/m/0838f"
AXY-pAhVEUc, 20.000, 30.000, "/m/0838f;/m/09x0r"
AZbwdHIhyTI, 12.000, 22.000, "/m/0838f"
Abt-fZfXT3g, 10.000, 20.000, "/m/0838f"
AdT_D9X6sXw, 40.000, 50.000, "/m/0838f"
Aj5uXT-2Mps, 60.000, 70.000, "/m/0838f"
1GAKaKWyPzA, 40.000, 50.000, "/m/0bt9lr;/m/0d31p"
hx-l6uiP3Hs, 170.000, 180.000, "/m/0d31p"
-1TeQpwlZGs, 9.000, 19.000, "/m/0d31p"
-3G-bs5JaW8, 100.000, 110.000, "/m/0d31p"
-3WtffZs4rk, 30.000, 40.000, "/m/0d31p"
-8kh4JEvkzw, 0.000, 10.000, "/m/0d31p"
-8myqx-cnlc, 500.000, 510.000, "/m/0d31p"
-NEAWkNvWvs, 170.000, 180.000, "/m/0d31p"
-OMdnou20dc, 30.000, 40.000, "/m/0d31p"
-SPr6nTlav0, 170.000, 180.000, "/m/09x0r;/m/0d31p"
-m5YF2UJeVw, 70.000, 80.000, "/m/0d31p"
-mRxPWXrSsY, 280.000, 290.000, "/m/0d31p"
-pBsdyP12ak, 510.000, 520.000, "/m/0d31p"
-qaeakbiv0U, 430.000, 440.000, "/m/09x0r;/m/0d31p"
-t3DMClxaIo, 10.000, 20.000, "/m/0d31p"
-zD_Aj1ch-o, 100.000, 110.000, "/m/09x0r;/m/0d31p"
0F_RFWvp8cY, 270.000, 280.000, "/m/0d31p"
0GSBomNmZxI, 30.000, 40.000, "/m/0d31p"
0UO35uIOrhg, 50.000, 60.000, "/m/0d31p;/m/09x0r"
0UwvVY2kc0E, 40.000, 50.000, "/m/09x0r;/m/0d31p"
0V_O6i9tqrw, 260.000, 270.000, "/m/09x0r;/m/0d31p"
0_Jhvi8PQR8, 20.000, 30.000, "/m/09x0r;/m/0d31p"
0o-DD4GwohU, 110.000, 120.000, "/m/0d31p;/m/09x0r"
0yCFCh8e10Y, 10.000, 20.000, "/m/0d31p"
18Upv_ZinJ0, 90.000, 100.000, "/m/0d31p;/m/09x0r"
1KXOr7ZoUXQ, 480.000, 490.000, "/m/0d31p;/m/09x0r"
1NGbZ7DAMe4, 150.000, 160.000, "/m/0d31p"
28WMzKS8Mvg, 40.000, 50.000, "/m/0d31p"
28c_azOmujY, 20.000, 30.000, "/m/0d31p"
28ggvtWJIz4, 40.000, 50.000, "/m/09x0r;/m/0d31p"
2BdRnFt3tSY, 180.000, 190.000, "/m/0d31p"
2Cv0_9ezILU, 30.000, 40.000, "/m/0d31p"
2KdHeWz8utE, 60.000, 70.000, "/m/0d31p"
2Lg4zowpNxE, 30.000, 40.000, "/m/0d31p"
2M9-lt6hXJc, 60.000, 70.000, "/m/09x0r;/m/0d31p"
2VMS64fFJps, 170.000, 180.000, "/m/0d31p"
2Vr7nMFnECk, 130.000, 140.000, "/m/0d31p;/m/09x0r"
2WP8Vmkdv_Y, 180.000, 190.000, "/m/0d31p"
2eBQV6mzMfs, 160.000, 170.000, "/m/0d31p"
2nFGzlJzxEU, 260.000, 270.000, "/m/0d31p"
2oBqMCzlIKI, 50.000, 60.000, "/m/09x0r;/m/0d31p"
39I0igiJeDU, 30.000, 40.000, "/m/0d31p"
3GcT21hdxLk, 260.000, 270.000, "/m/0d31p"
3MYe_RF-Rq8, 50.000, 60.000, "/m/0bt9lr;/m/0d31p"
3QFIGPvCD9Y, 10.000, 20.000, "/m/0d31p"
3Qtrq7mNpRk, 30.000, 40.000, "/m/0d31p"
3d0dg7tCqSc, 250.000, 260.000, "/m/0d31p"
3qYR12TI9Ic, 180.000, 190.000, "/m/0d31p"
3yJv3ElMC4E, 160.000, 170.000, "/m/0d31p"
41TTeZMRpzs, 30.000, 40.000, "/m/09x0r;/m/0bt9lr;/m/0d31p"
435H0Ai36E4, 40.000, 50.000, "/m/0d31p"
49C15x4FItg, 200.000, 210.000, "/m/0d31p"
4ITETcfpgSs, 0.000, 10.000, "/m/0d31p"
4P1kVpir3iU, 120.000, 130.000, "/m/0d31p"
4SnjARXXyTo, 20.000, 30.000, "/m/0d31p"
4f9OKlHoBsk, 40.000, 50.000, "/m/0d31p"
4kPq4Ff9HiA, 90.000, 100.000, "/m/09x0r;/m/0d31p"
4nK9l8Fv2wA, 30.000, 40.000, "/m/0d31p"
4nspa-Lpt6g, 170.000, 180.000, "/m/09x0r;/m/0d31p"
53SjXeMwmr4, 0.000, 10.000, "/m/0d31p;/m/09x0r"
56zWNCGDOcU, 180.000, 190.000, "/m/09x0r;/m/0d31p"
5GT_Wg6XQC4, 30.000, 40.000, "/m/0d31p"
5M8JlZNtw0w, 20.000, 30.000, "/m/0d31p"
5U2ZiMVHMxg, 200.000, 210.000, "/m/0d31p"
5XtIFruvd7I, 40.000, 50.000, "/m/0d31p"
5_cdDjdyILo, 160.000, 170.000, "/m/0d31p"
5oa7_VkvDiM, 160.000, 170.000, "/m/0d31p;/m/09x0r"
5p9pergm-Ko, 0.000, 7.000, "/m/0d31p"
5slzmsYMlpA, 29.000, 39.000, "/m/0d31p"
606sfRcQYA8, 90.000, 100.000, "/m/0d31p"
6I89c-rrY44, 300.000, 310.000, "/m/09x0r;/m/0d31p"
6NWpyI8ZC7o, 0.000, 7.000, "/m/0d31p"
6PurUJymSCQ, 20.000, 30.000, "/m/0d31p"
6VCV28rzgM0, 590.000, 600.000, "/m/0d31p"
6a2OyetkL0c, 180.000, 190.000, "/m/0d31p"
6agI5a-5TGY, 270.000, 280.000, "/m/0d31p"
6g3ZMgNYE6s, 10.000, 20.000, "/m/0d31p"
6kD5Ya6JUbQ, 350.000, 360.000, "/m/0d31p"
6mBfajqi1pg, 560.000, 570.000, "/m/0d31p"
6nkN-bp_D7M, 90.000, 100.000, "/m/0d31p;/m/09x0r"
6qGCOVxywo4, 60.000, 70.000, "/m/0d31p"
6wzuvIz_91g, 70.000, 80.000, "/m/0d31p"
7-BcamGuceQ, 160.000, 170.000, "/m/0d31p"
75LSDHinDBw, 100.000, 110.000, "/m/0d31p"
7JGUpM_YqTA, 20.000, 30.000, "/m/09x0r;/m/0d31p"
7W_nNAwMKfk, 110.000, 120.000, "/m/0d31p"
7c_cjaVe_h0, 0.000, 10.000, "/m/0d31p"
7tQSdALRYxI, 0.000, 10.000, "/m/0d31p"
80LZfdjdcfM, 80.000, 90.000, "/m/0d31p"
83M4YuLzP8Q, 0.000, 10.000, "/m/0d31p"
83hygpk4VKY, 120.000, 130.000, "/m/0d31p"
86eQxmsjwM4, 310.000, 320.000, "/m/0d31p"
86rBaUnvabk, 40.000, 50.000, "/m/0d31p"
8BoAvuGnzOg, 160.000, 170.000, "/m/0d31p"
8EE7q8Gn5-s, 110.000, 120.000, "/m/0d31p"
8ENkXXxH0ek, 300.000, 310.000, "/m/0d31p"
8JMFVd_3Fq0, 60.000, 70.000, "/m/0d31p"
8e6ha9wOsl0, 30.000, 40.000, "/m/0d31p"
8z6UjJACNLE, 10.000, 20.000, "/m/0d31p"
97_dBJobzaE, 50.000, 60.000, "/m/0d31p"
9FcBsEzihqI, 80.000, 90.000, "/m/09x0r;/m/0d31p"
9KhDXUt5IoM, 370.000, 380.000, "/m/0d31p"
9ige_Pfo-2Q, 30.000, 40.000, "/m/0d31p"
Ae8B5sRWloc, 170.000, 180.000, "/m/0d31p"
AgPBflnMOss, 90.000, 100.000, "/m/0d31p"
AkZ84GRil04, 210.000, 220.000, "/m/0d31p;/m/09x0r"
AuCSBtuEI-k, 40.000, 50.000, "/m/0d31p"
B3MAJqFGdus, 190.000, 200.000, "/m/09x0r;/m/0d31p"
B6uxhGolQpo, 320.000, 330.000, "/m/0d31p"
B8Xv04otTos, 30.000, 40.000, "/m/0d31p"
B9heGupPnrA, 210.000, 220.000, "/m/0d31p"
Bq7pJ8J8iQ8, 40.000, 50.000, "/m/0d31p"
C4bCoIfF0t4, 50.000, 60.000, "/m/0d31p"
CCywFuWAucg, 30.000, 40.000, "/m/0d31p"
CGJr6Pz-p0U, 10.000, 20.000, "/m/09x0r;/m/0d31p"
CQEYmvZRDtM, 40.000, 50.000, "/m/0d31p"
CRWYic9kggY, 50.000, 60.000, "/m/0d31p;/m/09x0r"
Cb72bJyShuM, 450.000, 460.000, "/m/0d31p"
CgGDTDmu6Qk, 30.000, 40.000, "/m/0d31p"
CkTAYVElyrM, 220.000, 230.000, "/m/0d31p"
CpCFkvPZSyo, 90.000, 100.000, "/m/09x0r;/m/0d31p"
CsHx08b_Mmo, 70.000, 80.000, "/m/0d31p"
CutZRlwZcZU, 30.000, 40.000, "/m/0d31p"
D2JDmgsq71s, 350.000, 360.000, "/m/0d31p;/m/09x0r"
D4gbzWirkwQ, 70.000, 80.000, "/m/0d31p"
D7kuwMAGHbY, 40.000, 50.000, "/m/0d31p;/m/09x0r"
D9LaKlgNuhs, 120.000, 130.000, "/m/09x0r;/m/0d31p"
DG89TFpzMmg, 20.000, 30.000, "/m/0d31p"
DK-7X3oSVoA, 90.000, 100.000, "/m/09x0r;/m/0d31p"
DL00Q-Qu8sI, 420.000, 430.000, "/m/09x0r;/m/0d31p"
DNSbY2bKAyE, 10.000, 20.000, "/m/0d31p"
DSFaOuqH8lA, 160.000, 170.000, "/m/09x0r;/m/0d31p"
E-mM8vAFS-c, 70.000, 80.000, "/m/0d31p"
EAPXZYrMD38, 140.000, 150.000, "/m/0d31p"
EFtHGHtwF1A, 0.000, 10.000, "/m/0d31p"
EP-K9Os-OiU, 50.000, 60.000, "/m/09x0r;/m/0d31p"
EZ5m9JARwBM, 30.000, 40.000, "/m/0d31p"
FDNj1d8V-9g, 40.000, 50.000, "/m/0d31p"
FDcbH82VwxI, 23.000, 33.000, "/m/0d31p"
FHYgU1-ayM0, 30.000, 40.000, "/m/0d31p;/m/09x0r"
FOcS12s5mmI, 20.000, 30.000, "/m/0d31p"
FawyLfqTsqs, 230.000, 240.000, "/m/0d31p"
Fk8y6-wbBUk, 20.000, 30.000, "/m/0d31p;/m/09x0r"
G2ZxMFzGtws, 130.000, 140.000, "/m/09x0r;/m/0d31p"
GrD9MBHKnNI, 190.000, 200.000, "/m/0d31p"
Hluxd7Vtzro, 20.000, 30.000, "/m/09x0r;/m/0d31p"
Hn1UNGYvikE, 130.000, 140.000, "/m/0d31p"
Hpt4oDpqQ94, 30.000, 40.000, "/m/0d31p"
I2jVlVaFyD0, 0.000, 10.000, "/m/0d31p"
IXcSKIcwWLE, 90.000, 100.000, "/m/09x0r;/m/0d31p"
I_GAhp3M4kQ, 0.000, 10.000, "/m/0d31p;/m/09x0r"
Ib7cg0gudCs, 170.000, 180.000, "/m/0d31p"
Il2uf1KAnt4, 0.000, 10.000, "/m/0d31p"
IlVuPQ11gzM, 120.000, 130.000, "/m/0d31p"
IqJ2JGeJiQw, 190.000, 200.000, "/m/09x0r;/m/0d31p"
JHY4kY-D7U0, 440.000, 450.000, "/m/0d31p"
JPUb0c4hUgY, 490.000, 500.000, "/m/0d31p"
JTk_7jVeW64, 0.000, 10.000, "/m/0d31p"
JqNqA2olQeY, 60.000, 70.000, "/m/09x0r;/m/0d31p"
JrMC4UZxulw, 110.000, 120.000, "/m/0d31p"
K68PjrSv1zY, 0.000, 10.000, "/m/0d31p"
K8pU44rsLJY, 150.000, 160.000, "/m/0d31p"
KH22JqqjVA8, 30.000, 40.000, "/m/0d31p"
KOFrb2VOnqA, 130.000, 140.000, "/m/0d31p;/m/09x0r"
KWfj_tzrlxM, 90.000, 100.000, "/m/0d31p"
Kqa-iC4cuMs, 370.000, 380.000, "/m/09x0r;/m/0d31p"
1Nw-fC0gk9o, 120.000, 130.000, "/m/04brg2;/m/09x0r"
1SpHjTw56jg, 260.000, 270.000, "/m/04brg2;/m/09x0r"
23pAYyzCnU8, 520.000, 530.000, "/m/04brg2;/m/09x0r"
257OKP3ZLD0, 30.000, 40.000, "/m/04brg2;/m/09x0r"
2O_mVjMFsuQ, 340.000, 350.000, "/m/04brg2;/m/09x0r"
57q1DKPOLYg, 40.000, 50.000, "/m/04brg2;/m/09x0r"
5ohCslwvxdw, 40.000, 50.000, "/m/04brg2;/m/09x0r"
5rmbkTrYSK0, 90.000, 100.000, "/m/04brg2;/m/09x0r"
6QExD0uUMOs, 20.000, 30.000, "/m/04brg2"
6Y92C4qnFPk, 130.000, 140.000, "/m/04brg2;/m/09x0r"
6ZEtbX95qYo, 190.000, 200.000, "/m/04brg2;/m/09x0r;/m/0838f"
6zcz_gJkbmQ, 120.000, 130.000, "/m/04brg2;/m/09x0r;/m/0838f"
8XVCewPZYz4, 420.000, 430.000, "/m/04brg2;/m/09x0r"
8o-Y4QP8LWs, 280.000, 290.000, "/m/04brg2"
8vuTgV73O2o, 390.000, 400.000, "/m/04brg2;/m/09x0r"
AY7QlDwEAH8, 0.000, 6.000, "/m/04brg2;/m/0838f;/m/0838f"
Bc2wI4c2wBI, 180.000, 190.000, "/m/04brg2;/m/09x0r"
C7D1GjuDQVA, 120.000, 130.000, "/m/04brg2"
CJqlLZZano4, 290.000, 300.000, "/m/04brg2"
Cfij00R-8Zs, 280.000, 290.000, "/m/04brg2"
DBYzZp1jOro, 200.000, 210.000, "/m/04brg2;/m/09x0r"
DdiZEqm1g9c, 20.000, 30.000, "/m/04brg2"
E1CXRMewTCk, 200.000, 210.000, "/m/04brg2;/m/09x0r"
EOEVEf6q_Ms, 150.000, 160.000, "/m/04brg2"
F9f9caaxmm0, 370.000, 380.000, "/m/04brg2;/m/09x0r"
G25fk1hnP30, 260.000, 270.000, "/m/04brg2"
GBPwN9NOMVo, 280.000, 290.000, "/m/04brg2;/m/09x0r"
GIS6MmZwP5g, 30.000, 40.000, "/m/04brg2;/m/09x0r"
GRpuXhXjAmk, 290.000, 300.000, "/m/04brg2"
GUk84jnXRBQ, 200.000, 210.000, "/m/04brg2"
Gr1Ktuy5zq8, 150.000, 160.000, "/m/04brg2;/m/09x0r"
HQ40IvZOFUo, 210.000, 220.000, "/m/04brg2;/m/09x0r"
HzcT5VgB9uw, 60.000, 70.000, "/m/04brg2;/m/09x0r"
IMrI0TfCnVw, 420.000, 430.000, "/m/04brg2;/m/09x0r"
IN8pk34_S_k, 0.000, 10.000, "/m/04brg2;/m/09x0r"
IdGB-Q2p-eM, 30.000, 40.000, "/m/04brg2"
J6Dkx5KSfPs, 520.000, 530.000, "/m/04brg2;/m/09x0r"
J9TypJdxLcI, 90.000, 100.000, "/m/04brg2"
JQphdZQRTs4, 40.000, 50.000, "/m/04brg2;/m/09x0r"
JT4g4usFWiI, 50.000, 60.000, "/m/04brg2"
JZ9Tpv6h1pA, 50.000, 60.000, "/m/04brg2;/m/09x0r"
Jiur7qz3NU8, 50.000, 60.000, "/m/04brg2;/m/09x0r"
JyzNt1JKAiw, 530.000, 540.000, "/m/04brg2;/m/09x0r"
Jz9r4H9kaTI, 170.000, 180.000, "/m/04brg2"
1oc7Z8x1WBk, 570.000, 580.000, "/m/04fgwm"
Ai8bBqbdB0g, 210.000, 220.000, "/m/04fgwm;/m/09x0r"
Aq9QPtfMuO4, 110.000, 120.000, "/m/04fgwm"
COL58C_D8Fc, 130.000, 140.000, "/m/04fgwm;/m/09x0r"
V4_KDsLM374, 190.000, 200.000, "/m/04fgwm;/m/09x0r"
VkjF5L9rE1g, 180.000, 190.000, "/m/04fgwm;/m/09x0r"
dLidU5Z0sFk, 260.000, 270.000, "/m/04fgwm;/m/09x0r"
dagkkN0WlTQ, 120.000, 130.000, "/m/04fgwm;/m/09x0r"
eqfEs_qSGHY, 300.000, 310.000, "/m/04fgwm"
fR5heE6goDA, 10.000, 20.000, "/m/04fgwm"
frHnRirNcZ0, 90.000, 100.000, "/m/04fgwm"
hl-NvOd71qU, 30.000, 40.000, "/m/04fgwm;/m/09x0r"
hsia3i4zens, 140.000, 150.000, "/m/04fgwm;/m/09x0r"
hy__agulHvg, 200.000, 210.000, "/m/04fgwm;/m/09x0r"
kzRJqZrjUX4, 380.000, 390.000, "/m/04fgwm;/m/09x0r"
lDDJMPAevBg, 270.000, 280.000, "/m/04fgwm;/m/09x0r"
mRDg0StdLrE, 190.000, 200.000, "/m/04fgwm"
o0SriWFnPZc, 0.000, 10.000, "/m/04fgwm"
obc8GSP43ww, 120.000, 130.000, "/m/04fgwm;/m/09x0r"
p53Z0kRu3wA, 320.000, 330.000, "/m/04fgwm;/m/09x0r"
pSWPHSz6jHE, 30.000, 40.000, "/m/04fgwm"
qa9pb77jMQg, 120.000, 130.000, "/m/04fgwm;/m/09x0r"
sRlBSp0r0dg, 150.000, 160.000, "/m/04fgwm;/m/09x0r"
v2YA8-WMI-w, 10.000, 20.000, "/m/04fgwm;/m/09x0r"
wQN8fexVPSI, 223.000, 233.000, "/m/04fgwm;/m/09x0r"
wqQU8VXGyS0, 390.000, 400.000, "/m/04fgwm;/m/09x0r"
xvgPSItdFXw, 270.000, 280.000, "/m/04fgwm;/m/09x0r"
yDw1Swpj_-w, 100.000, 110.000, "/m/04fgwm;/m/09x0r"
yTXesz-KMhg, 360.000, 370.000, "/m/04fgwm;/m/09x0r"
zHlwnVWBQaQ, 260.000, 270.000, "/m/04fgwm"
zJZWoYzSrIM, 140.000, 150.000, "/m/04fgwm;/m/09x0r"
BUzoqv1iSgI, 240.000, 250.000, "/m/04fgwm;/m/09x0r"
h-lpXjQeZII, 120.000, 130.000, "/m/04fgwm;/m/09x0r"
02MGx1Vh9c0, 240.000, 250.000, "/m/04fgwm"
4pA2MFiec8k, 530.000, 540.000, "/m/04fgwm"
9PZiMMd5hwg, 450.000, 460.000, "/m/04fgwm"
G-YrqazRGTo, 90.000, 100.000, "/m/04fgwm"
H7HYiXScU7k, 540.000, 550.000, "/m/04fgwm;/m/09x0r"
PjRYAwDxo6I, 80.000, 90.000, "/m/04fgwm"
UKoIkTJGZLg, 0.000, 10.000, "/m/04fgwm;/m/09x0r"
URyhcd-H3lY, 180.000, 190.000, "/m/04fgwm"
UW0vfC5UjQg, 140.000, 150.000, "/m/04fgwm;/m/09x0r"
iDBWBvuYOQk, 30.000, 40.000, "/m/04fgwm;/m/09x0r"
qc61mzzSIxM, 30.000, 40.000, "/m/04fgwm;/m/09x0r"
yfSco9z1fpw, 190.000, 200.000, "/m/04fgwm;/m/09x0r"
yixVwsu3pvc, 40.000, 50.000, "/m/04fgwm;/m/09x0r"
